,LSF_ID,Province,District,Plot No,Plot area(m^2),Cropping_System,Crops_In_Plot,crop_name,crop area (m2),seeds type,quantity seeds sown,quanitiy improved seeds,quanitiy harvested (kg),total harvested,crop_proportion
0,12001.0,Kigali,Gasabo,1.0,5474.154,Mixed,4.0,Soybean ,3649.4355,Improved seeds,0.0,23.0,0.0,140.0,0.6666666
1,12001.0,Kigali,Gasabo,1.0,5474.154,Mixed,4.0,Tree tomato,1824.7178,Traditional seeds,0.0,0.0,50.0,50.0,0.3333333
2,12001.0,Kigali,Gasabo,1.0,5474.154,Mixed,4.0,Cooking banana,1642.2461,Improved seeds,0.0,0.0,600.0,900.0,0.29999998
3,12001.0,Kigali,Gasabo,1.0,5474.154,Mixed,4.0,Dessert banana,821.12305,Improved seeds,0.0,0.0,250.0,300.0,0.14999999
4,12001.0,Kigali,Gasabo,2.0,43546.945,Pure,1.0,Napia grass for fodder,43546.945,Traditional seeds,0.0,0.0,32000.0,39200.0,1.0
5,12001.0,Kigali,Gasabo,3.0,37865.133,Pure,1.0,Maize for fodder,37865.133,Improved seeds,0.0,92.0,42000.0,56850.0,1.0
6,12001.0,Kigali,Gasabo,4.0,30846.701,Pure,1.0,Napia grass for fodder,30846.701,Traditional seeds,0.0,0.0,36000.0,46200.0,1.0
7,12001.0,Kigali,Gasabo,5.0,44567.785,Pure,1.0,Soybean ,44567.785,Improved seeds,0.0,250.0,0.0,4400.0,1.0
8,12001.0,Kigali,Gasabo,6.0,43255.8,Pure,1.0,Maize,43255.8,Improved seeds,0.0,110.0,0.0,19200.0,1.0
9,12001.0,Kigali,Gasabo,8.0,169087.33,Pure,1.0,Maize,169087.33,Improved seeds,0.0,410.0,0.0,64200.0,1.0
10,12001.0,Kigali,Gasabo,9.0,24430.436,Pure,1.0,Paddy rice,24430.436,Traditional seeds,12.0,0.0,0.0,1480.0,1.0
11,12001.0,Kigali,Gasabo,10.0,20716.328,Pure,1.0,Paddy rice,20716.328,Traditional seeds,62.0,0.0,0.0,8280.0,1.0
12,12001.0,Kigali,Gasabo,11.0,19814.125,Pure,1.0,Soybean ,19814.125,Improved seeds,0.0,125.0,0.0,2200.0,1.0
13,12001.0,Kigali,Gasabo,17.0,21193.75,Pure,1.0,Other fodder crop (specify).,21193.75,Traditional seeds,0.0,0.0,0.0,11000.0,1.0
14,12001.0,Kigali,Gasabo,18.0,6223.426,Pure,1.0,Desmodium,6223.426,Traditional seeds,12.0,0.0,0.0,240.0,1.0
15,12001.0,Kigali,Gasabo,27.0,7880.1265,Pure,1.0,Other fodder crop (specify).,7880.1265,Traditional seeds,0.0,0.0,0.0,4800.0,1.0
16,12001.0,Kigali,Gasabo,29.0,57698.688,Pure,1.0,Maize for fodder,57698.688,Improved seeds,0.0,138.0,75220.0,87230.0,1.0
17,12001.0,Kigali,Gasabo,30.0,65585.02,Pure,1.0,Maize for fodder,65585.02,Improved seeds,0.0,161.0,84240.0,99174.0,1.0
18,12001.0,Kigali,Gasabo,32.0,3761.818,Pure,1.0,Maize for fodder,3761.818,Improved seeds,0.0,9.0,5744.84,5744.84,1.0
19,12001.0,Kigali,Gasabo,33.0,5528.7476,Pure,1.0,Maize for fodder,5528.7476,Improved seeds,0.0,12.0,4300.0,4300.0,1.0
20,12001.0,Kigali,Gasabo,38.0,1469.6239,Pure,1.0,Other fodder crop (specify).,1469.6239,Traditional seeds,0.0,0.0,0.0,960.0,1.0
21,12002.0,Kigali,Gasabo,5.0,242249.75,Pure,1.0,Maize,242249.75,Improved seeds,0.0,964.0,0.0,144600.0,1.0
22,12003.0,Kigali,Gasabo,3.0,31822.94,Pure,1.0,Other fodder crop (specify).,31822.94,Improved seeds,0.0,15.9,20000.0,120000.0,1.0
23,12003.0,Kigali,Gasabo,8.0,105113.16,Pure,1.0,Maize for fodder,105113.16,Improved seeds,0.0,197.0,103400.0,482000.0,1.0
24,12003.0,Kigali,Gasabo,9.0,92874.04,Pure,1.0,Maize for fodder,92874.04,Improved seeds,0.0,223.0,91397.0,91397.0,1.0
25,12003.0,Kigali,Gasabo,12.0,42608.332,Pure,1.0,Other fodder crop (specify).,42608.332,Improved seeds,0.0,21.3,170400.0,170400.0,1.0
26,12004.0,Kigali,Gasabo,1.0,49809.01,Pure,1.0,Maize for fodder,49809.01,Improved seeds,0.0,250.0,82170.0,82170.0,1.0
27,12004.0,Kigali,Gasabo,2.0,6968.0537,Pure,1.0,Cooking banana,6968.0537,Improved seeds,0.0,0.0,600.0,1320.0,1.0
28,12005.0,Kigali,Gasabo,5.0,5519.457,Pure,1.0,Maize for fodder,5519.457,Improved seeds,0.0,12.6,9350.0,9350.0,1.0
29,12005.0,Kigali,Gasabo,6.0,27259.814,Pure,1.0,Maize for fodder,27259.814,Improved seeds,0.0,62.6,45000.0,45000.0,1.0
30,12005.0,Kigali,Gasabo,9.0,2195.3645,Pure,1.0,Cooking banana,2195.3645,Improved seeds,0.0,0.0,5850.0,6840.0,1.0
31,12005.0,Kigali,Gasabo,10.0,702.4324,Pure,1.0,Cabbage,702.4324,Improved seeds,0.0,50000.0,843.0,843.0,1.0
32,12005.0,Kigali,Gasabo,11.0,3277.2559,Pure,1.0,Desmodium,3277.2559,Improved seeds,0.0,7.56,5445.0,5445.0,1.0
33,12005.0,Kigali,Gasabo,13.0,4229.101,Pure,1.0,Desmodium,4229.101,Improved seeds,0.0,9.6,5890.0,5890.0,1.0
34,12005.0,Kigali,Gasabo,15.0,99785.82,Pure,1.0,Maize for fodder,99785.82,Improved seeds,0.0,229.0,16467.0,16467.0,1.0
35,12005.0,Kigali,Gasabo,16.0,608.883,Mixed,2.0,Pumpkin,60.8883,Traditional seeds,0.0,0.0,110.0,110.0,0.1
36,12005.0,Kigali,Gasabo,16.0,608.883,Mixed,2.0,Cooking banana,608.883,Traditional seeds,0.0,0.0,120.0,140.0,1.0
38,12005.0,Kigali,Gasabo,19.0,16096.172,Pure,1.0,Maize for fodder,16096.172,Traditional seeds,28.0,0.0,21760.0,21760.0,1.0
39,12006.0,Kigali,Gasabo,1.0,70123.484,Pure,1.0,Maize,70123.484,Improved seeds,0.0,280.0,20000.0,20000.0,1.0
40,12007.0,South,Gasabo,1.0,2125225.2,Pure,1.0,Paddy rice,2125225.2,Improved seeds,0.0,10634.5,800000.0,872029.0,1.0
41,12008.0,Kigali,Gasabo,1.0,10300.318,Mixed,2.0,Bush bean,10300.318,Traditional seeds,86.4,0.0,864.0,864.0,1.0
42,12008.0,Kigali,Gasabo,1.0,10300.318,Mixed,2.0,Avocado,10300.318,Improved seeds,0.0,0.0,200.0,230.0,1.0
43,12008.0,Kigali,Gasabo,2.0,13079.128,Mixed,2.0,Maize,653.95636,Traditional seeds,109.8,0.0,1098.0,1098.0,0.049999997
44,12008.0,Kigali,Gasabo,2.0,13079.128,Mixed,2.0,Bush bean,12425.172,Traditional seeds,109.8,0.0,1098.0,1098.0,0.95000005
45,12008.0,Kigali,Gasabo,3.0,1108.3578,Pure,1.0,Napia grass for fodder,1108.3578,Traditional seeds,0.0,0.0,500.0,500.0,1.0
46,12008.0,Kigali,Gasabo,4.0,1468.3127,Pure,1.0,Napia grass for fodder,1468.3127,Traditional seeds,0.0,0.0,1000.0,1375.0,1.0
47,12008.0,Kigali,Gasabo,5.0,79166.234,Pure,1.0,Bush bean,79166.234,Traditional seeds,667.8,0.0,6678.0,6678.0,1.0
48,12008.0,Kigali,Gasabo,7.0,1032.6678,Mixed,2.0,Maize,51.633396,Traditional seeds,30000.0,0.0,0.0,3.0,0.050000004
49,12008.0,Kigali,Gasabo,7.0,1032.6678,Mixed,2.0,Bush bean,981.0345,Traditional seeds,9.9,0.0,99.0,99.0,0.95000005
50,12008.0,Kigali,Gasabo,8.0,914.84607,Pure,1.0,Maize,914.84607,Traditional seeds,0.0,0.0,0.0,90.0,1.0
51,12008.0,Kigali,Gasabo,9.0,3414.4106,Pure,1.0,Napia grass for fodder,3414.4106,Traditional seeds,0.0,0.0,3750.0,8250.0,1.0
52,12008.0,Kigali,Gasabo,10.0,3153.4524,Pure,1.0,Bush bean,3153.4524,Traditional seeds,26.1,0.0,261.0,261.0,1.0
53,12008.0,Kigali,Gasabo,11.0,374.47223,Pure,1.0,Mango,374.47223,Improved seeds,0.0,0.0,240.0,240.0,1.0
54,12008.0,Kigali,Gasabo,15.0,1151.445,Pure,1.0,Orange,806.0115,Improved seeds,0.0,0.0,30.0,40.0,0.7
55,12008.0,Kigali,Gasabo,16.0,2125.8418,Mixed,2.0,Tree tomato,212.58418,Traditional seeds,0.0,0.0,30.0,50.0,0.1
56,12008.0,Kigali,Gasabo,16.0,2125.8418,Mixed,2.0,Mango,2125.8418,Both(Trad and Improved,0.0,0.0,100.0,100.0,1.0
57,12008.0,Kigali,Gasabo,17.0,763.7096,Pure,1.0,Eggplant,748.4354,Traditional seeds,0.0,0.0,4.0,24.0,0.98
58,12009.0,Kigali,Gasabo,4.0,219911.34,Pure,1.0,Napia grass for fodder,219911.34,Traditional seeds,0.0,0.0,256200.0,329400.0,1.0
59,12010.0,Kigali,Gasabo,2.0,1154.1854,Pure,1.0,Napia grass for fodder,1154.1854,Traditional seeds,0.0,0.0,3160.0,3160.0,1.0
60,12010.0,Kigali,Gasabo,3.0,5130.0986,Pure,1.0,Maize,5130.0986,Improved seeds,0.0,14.0,1200.0,1200.0,1.0
61,12010.0,Kigali,Gasabo,4.0,657.15027,Pure,1.0,Mucuna,657.15027,Traditional seeds,1.0,0.0,164.0,164.0,1.0
62,12010.0,Kigali,Gasabo,5.0,14290.387,Pure,1.0,Maize,14290.387,Improved seeds,0.0,45.0,2958.0,2958.0,1.0
63,12010.0,Kigali,Gasabo,7.0,5302.5996,Pure,1.0,Sweet potato,5302.5996,Traditional seeds,0.0,0.0,7150.0,7150.0,1.0
64,12010.0,Kigali,Gasabo,9.0,870.4044,Pure,1.0,Maize,870.4044,Improved seeds,0.0,2.0,180.0,180.0,1.0
65,12010.0,Kigali,Gasabo,11.0,1661.6881,Pure,1.0,Mucuna,1661.6881,Traditional seeds,2.5,0.0,415.0,415.0,1.0
66,12010.0,Kigali,Gasabo,13.0,256.73798,Pure,1.0,Sweet potato,256.73798,Traditional seeds,0.0,0.0,358.0,358.0,1.0
67,12010.0,Kigali,Gasabo,15.0,3527.506,Pure,1.0,Maize,3527.506,Improved seeds,0.0,10.5,1250.0,1250.0,1.0
68,12010.0,Kigali,Gasabo,16.0,4931.714,Pure,1.0,Maize,4931.714,Improved seeds,0.0,15.0,1013.0,1013.0,1.0
69,12010.0,Kigali,Gasabo,17.0,641.29755,Pure,1.0,Maize,641.29755,Improved seeds,0.0,1.5,35.0,35.0,1.0
70,12010.0,Kigali,Gasabo,18.0,924.6312,Pure,1.0,Mucuna,924.6312,Traditional seeds,1.5,0.0,231.0,231.0,1.0
71,12010.0,Kigali,Gasabo,19.0,410.03723,Pure,1.0,Maize,410.03723,Improved seeds,0.0,1.0,15.0,15.0,1.0
72,12010.0,Kigali,Gasabo,20.0,16386.527,Pure,1.0,Napia grass for fodder,16386.527,Traditional seeds,0.0,0.0,27000.0,41000.0,1.0
73,12010.0,Kigali,Gasabo,21.0,1207.074,Pure,1.0,Mucuna,1207.074,Traditional seeds,2.0,0.0,302.0,302.0,1.0
74,12010.0,Kigali,Gasabo,22.0,548.79895,Pure,1.0,Sweet potato,548.79895,Traditional seeds,0.0,0.0,768.0,768.0,1.0
75,12010.0,Kigali,Gasabo,24.0,8103.508,Pure,1.0,Sweet potato,8103.508,Traditional seeds,0.0,0.0,11340.0,11340.0,1.0
76,12010.0,Kigali,Gasabo,25.0,14693.514,Pure,1.0,Napia grass for fodder,14693.514,Traditional seeds,0.0,0.0,36750.0,36750.0,1.0
77,12010.0,Kigali,Gasabo,27.0,480.36963,Pure,1.0,Mucuna,480.36963,Traditional seeds,0.5,0.0,120.0,120.0,1.0
78,12010.0,Kigali,Gasabo,30.0,1971.585,Pure,1.0,Maize,1971.585,Improved seeds,0.0,10.0,0.0,550.0,1.0
79,12010.0,Kigali,Gasabo,33.0,2942.9924,Pure,1.0,Napia grass for fodder,2942.9924,Traditional seeds,0.0,0.0,7250.0,7250.0,1.0
80,12010.0,Kigali,Gasabo,36.0,2145.6196,Pure,1.0,Napia grass for fodder,2145.6196,Traditional seeds,0.0,0.0,5365.0,5365.0,1.0
81,12010.0,Kigali,Gasabo,37.0,2155.9055,Pure,1.0,Mucuna,2155.9055,Traditional seeds,4.0,0.0,539.0,539.0,1.0
82,12010.0,Kigali,Gasabo,38.0,88902.664,Pure,1.0,Napia grass for fodder,88902.664,Traditional seeds,0.0,0.0,222250.0,222250.0,1.0
83,12010.0,Kigali,Gasabo,43.0,1587.2854,Pure,1.0,Napia grass for fodder,1587.2854,Traditional seeds,0.0,0.0,3968.0,3968.0,1.0
84,13001.0,Kigali,Kicukiro,1.0,49521.72,Mixed,2.0,Cooking banana,38516.895,Traditional seeds,0.0,0.0,560.0,560.0,0.77777785
85,13001.0,Kigali,Kicukiro,1.0,49521.72,Mixed,2.0,Dessert banana,11004.826,Traditional seeds,0.0,0.0,0.0,50.0,0.22222222
86,13001.0,Kigali,Kicukiro,3.0,12313.96,Pure,1.0,Maize for fodder,12313.96,Improved seeds,0.0,50.0,9000.0,9000.0,1.0
87,13001.0,Kigali,Kicukiro,7.0,2251.631,Pure,1.0,Maize for fodder,225.16312,Improved seeds,0.0,3.0,0.0,380.0,0.1
88,13002.0,Kigali,Kicukiro,1.0,25728.736,Pure,1.0,Pineapple,20582.988,Traditional seeds,0.0,0.0,0.0,2500.0,0.79999995
89,13002.0,Kigali,Kicukiro,2.0,880.0938,Pure,1.0,Macadamia,880.0938,Improved seeds,0.0,0.0,30.0,40.0,1.0
90,13002.0,Kigali,Kicukiro,4.0,6416.1294,Pure,1.0,Macadamia,6416.1294,Improved seeds,0.0,0.0,50.0,60.0,1.0
91,13002.0,Kigali,Kicukiro,5.0,41663.066,Pure,1.0,Macadamia,41663.066,Improved seeds,0.0,0.0,1500.0,1800.0,1.0
92,13003.0,Kigali,Kicukiro,2.0,118.93644,Pure,1.0,Sweet pepper,118.93644,Improved seeds,0.0,0.0,145.0,945.0,1.0
93,13003.0,Kigali,Kicukiro,3.0,147.85191,Pure,1.0,Tomato,147.85191,Improved seeds,0.0,0.0,300.0,1000.0,1.0
94,13003.0,Kigali,Kicukiro,5.0,149.21088,Pure,1.0,Tomato,149.21088,Improved seeds,0.0,0.0,300.0,1000.0,1.0
95,13003.0,Kigali,Kicukiro,6.0,146.19121,Pure,1.0,Sweet pepper,146.19121,Improved seeds,0.0,0.0,145.0,945.0,1.0
96,13003.0,Kigali,Kicukiro,7.0,224.0793,Pure,1.0,Tomato,224.0793,Improved seeds,0.0,0.0,1200.0,1700.0,1.0
97,13005.0,Kigali,Kicukiro,7.0,2718.8628,Mixed,2.0,Cooking banana,1631.3177,Traditional seeds,0.0,0.0,375.0,465.0,0.6
98,13005.0,Kigali,Kicukiro,7.0,2718.8628,Mixed,2.0,Dessert banana,1087.5452,Traditional seeds,0.0,0.0,45.0,45.0,0.4
99,13005.0,Kigali,Kicukiro,9.0,2742.0857,Pure,1.0,Cooking banana,2742.0857,Traditional seeds,0.0,0.0,150.0,285.0,1.0
100,13005.0,Kigali,Kicukiro,13.0,24427.59,Pure,1.0,French bean,24427.59,Improved seeds,0.0,125.0,3427.0,10427.0,1.0
101,13006.0,Kigali,Kicukiro,12.0,139779.64,Pure,1.0,Bush bean,139779.64,Traditional seeds,740.0,0.0,6078.0,6078.0,1.0
102,13006.0,Kigali,Kicukiro,13.0,71271.055,Pure,1.0,Maize,71271.055,Improved seeds,0.0,170.0,8000.0,8000.0,1.0
103,13006.0,Kigali,Kicukiro,15.0,48095.75,Pure,1.0,Maize,48095.75,Improved seeds,0.0,100.0,4571.42,4571.42,1.0
104,13006.0,Kigali,Kicukiro,20.0,10325.432,Pure,1.0,Maize,10325.432,Improved seeds,0.0,25.0,800.0,800.0,1.0
105,21001.0,South,Nyanza,1.0,63906.156,Mixed,2.0,Cooking banana,47290.555,Improved seeds,0.0,0.0,914.0,959.0,0.74
106,21001.0,South,Nyanza,1.0,63906.156,Mixed,2.0,Banana for beer,16615.602,Improved seeds,0.0,0.0,391.0,402.0,0.26000002
107,21001.0,South,Nyanza,4.0,19159.928,Mixed,3.0,Carrot,4033.669,Improved seeds,0.0,600000.0,275.0,275.0,0.21052632
108,21001.0,South,Nyanza,4.0,19159.928,Mixed,3.0,Amaranth,12101.007,Traditional seeds,0.0,0.0,14080.0,14080.0,0.6315789
109,21001.0,South,Nyanza,4.0,19159.928,Mixed,3.0,Other seasonal vegetable,3025.2517,Traditional seeds,0.0,0.0,750.0,750.0,0.15789473
110,21001.0,South,Nyanza,5.0,6067.0615,Pure,1.0,Cabbage,6067.0615,Improved seeds,0.0,560000.0,9710.0,9710.0,1.0
111,21001.0,South,Nyanza,19.0,93421.16,Pure,1.0,Maize,93421.16,Improved seeds,0.0,224.0,36300.0,36300.0,1.0
112,21002.0,South,Nyanza,2.0,1516351.0,Pure,1.0,Paddy rice,1516351.0,Improved seeds,0.0,883.0,36267.0,36267.0,1.0
113,21007.0,South,Nyanza,1.0,1791965.6,Pure,1.0,Paddy rice,1791965.6,Improved seeds,0.0,4480.75,806535.0,806535.0,1.0
114,22001.0,South,Gisagara,1.0,2810.8872,Pure,1.0,Maize,2810.8872,Improved seeds,0.0,2.5,5000.0,20000.0,1.0
115,22001.0,South,Gisagara,5.0,8557.484,Mixed,2.0,Soybean ,427.87424,Traditional seeds,3.0,0.0,0.0,180.0,0.05
116,22001.0,South,Gisagara,5.0,8557.484,Mixed,2.0,Banana for beer,8557.484,Improved seeds,0.0,0.0,33000.0,36000.0,1.0
117,22002.0,South,Gisagara,1.0,450272.9,Pure,1.0,Maize,450272.9,Improved seeds,0.0,1537.5,0.0,80000.0,1.0
118,22003.0,South,Gisagara,1.0,736061.4,Pure,1.0,Paddy rice,736061.4,Improved seeds,0.0,2100.0,315000.0,315000.0,1.0
119,22004.0,South,Gisagara,1.0,14819546.0,Pure,1.0,Paddy rice,14819546.0,Improved seeds,0.0,25325.0,1217304.0,1217304.0,1.0
120,22005.0,South,Gisagara,1.0,1176549.5,Pure,1.0,Paddy rice,1176549.5,Improved seeds,0.0,3330.0,499500.0,499500.0,1.0
121,22006.0,South,Gisagara,6.0,62838.844,Pure,1.0,Banana for beer,5236.5703,Traditional seeds,0.0,0.0,85.0,205.0,0.083333336
122,22006.0,South,Gisagara,31.0,4494.988,Pure,1.0,Other annual crop,4494.988,Traditional seeds,0.0,0.0,0.0,140000.0,1.0
123,22006.0,South,Gisagara,32.0,706.7229,Pure,1.0,Napia grass for fodder,706.7229,Traditional seeds,0.0,0.0,0.0,700.0,1.0
124,22007.0,South,Gisagara,1.0,4143304.8,Pure,1.0,Paddy rice,4143304.8,Improved seeds,0.0,12518.0,932405.0,1248961.0,1.0
125,22008.0,South,Gisagara,1.0,1133312.8,Pure,1.0,Maize,1133312.8,Improved seeds,0.0,1850.0,162000.0,162000.0,1.0
126,22009.0,South,Gisagara,1.0,505215.72,Pure,1.0,Maize,505215.72,Improved seeds,0.0,1200.0,80000.0,80000.0,1.0
127,22009.0,South,Gisagara,2.0,924795.75,Pure,1.0,Maize,924795.75,Improved seeds,0.0,600.0,0.0,40000.0,1.0
128,22010.0,South,Gisagara,2.0,1928146.2,Pure,1.0,Paddy rice,1928146.2,Both(Trad and Improved,1121.4,8223.6,844900.0,844900.0,1.0
129,22011.0,South,Gisagara,1.0,1021967.9,Pure,1.0,Maize,1021967.9,Improved seeds,0.0,4000.0,192000.0,192000.0,1.0
130,22012.0,South,Gisagara,1.0,1087999.4,Pure,1.0,Paddy rice,1087999.4,Improved seeds,0.0,3179.7,466356.0,466356.0,1.0
131,22013.0,South,Gisagara,1.0,4668098.5,Pure,1.0,Paddy rice,4668098.5,Improved seeds,0.0,1327.0,377463.0,589788.6,1.0
132,22014.0,South,Gisagara,1.0,670168.94,Pure,1.0,Paddy rice,670168.94,Traditional seeds,1641.0,0.0,82050.0,82050.0,1.0
133,22015.0,South,Gisagara,1.0,3781188.2,Pure,1.0,Paddy rice,3781188.2,Both(Trad and Improved,9610.0,500.0,90000.0,1893940.0,1.0
134,23001.0,South,Nyaruguru,1.0,32469.338,Pure,1.0,Irish potato,32469.338,Improved seeds,0.0,3982.5,33194.0,65313.0,1.0
135,23001.0,South,Nyaruguru,11.0,305.60037,Pure,1.0,Tree tomato,305.60037,Improved seeds,0.0,0.0,600.0,900.0,1.0
136,24001.0,South,Huye,1.0,542754.2,Pure,1.0,Paddy rice,542754.2,Traditional seeds,1665.0,0.0,121082.0,221082.0,1.0
137,24002.0,South,Huye,1.0,512763.7,Pure,1.0,Paddy rice,512763.7,Traditional seeds,1380.0,0.0,80000.0,254771.0,1.0
138,24004.0,South,Gisagara,1.0,446237.6,Pure,1.0,Paddy rice,446237.6,Traditional seeds,1980.0,0.0,46675.0,76675.0,1.0
139,24004.0,South,Gisagara,39.0,3583.7263,Pure,1.0,Other seasonal vegetable,2303.824,Traditional seeds,0.0,0.0,3300.0,3600.0,0.64285713
140,24004.0,South,Gisagara,62.0,39101.76,Mixed,2.0,Cauliflower,5865.2646,Traditional seeds,0.0,0.0,0.0,10.0,0.15
141,24004.0,South,Gisagara,62.0,39101.76,Mixed,2.0,Amaranth,23461.059,Traditional seeds,0.0,0.0,6600.0,13200.0,0.6
142,24004.0,South,Gisagara,68.0,5506.0117,Pure,1.0,Napia grass,5506.0117,Traditional seeds,0.0,0.0,2500.0,3200.0,1.0
143,24005.0,South,Huye,1.0,395138.22,Pure,1.0,Paddy rice,395138.22,Traditional seeds,1200.0,0.0,113850.0,150000.0,1.0
144,24006.0,South,Huye,1.0,1437302.0,Pure,1.0,Paddy rice,1437302.0,Improved seeds,0.0,5504.0,550400.0,550400.0,1.0
145,24007.0,South,Huye,1.0,1135833.8,Pure,1.0,Paddy rice,1135833.8,Traditional seeds,4169.0,0.0,100000.0,300000.0,1.0
146,24008.0,South,Huye,1.0,1243641.9,Pure,1.0,Paddy rice,1243641.9,Improved seeds,0.0,3531.0,294340.0,494340.0,1.0
147,24010.0,South,Huye,1.0,408310.75,Pure,1.0,Paddy rice,408310.75,Traditional seeds,1633.0,0.0,139500.0,140000.0,1.0
148,24011.0,South,Huye,1.0,534606.5,Pure,1.0,Paddy rice,534606.5,Traditional seeds,1270.0,0.0,225625.0,237500.0,1.0
149,24012.0,South,Huye,1.0,805541.3,Pure,1.0,Paddy rice,805541.3,Traditional seeds,4717.8,0.0,247942.0,266604.0,1.0
150,24013.0,South,Huye,1.0,461095.06,Pure,1.0,Paddy rice,461095.06,Traditional seeds,2066.5,0.0,125000.0,165320.0,1.0
151,24014.0,South,Huye,2.0,458589.53,Pure,1.0,Paddy rice,458589.53,Traditional seeds,1245.0,0.0,188600.0,188600.0,1.0
152,24015.0,South,Huye,1.0,521955.06,Pure,1.0,Paddy rice,521955.06,Both(Trad and Improved,13746.0,19107.0,29546.5,98254.5,1.0
153,24016.0,South,Huye,1.0,628220.5,Pure,1.0,Maize,628220.5,Improved seeds,0.0,811.8,0.0,91648.0,1.0
154,25001.0,South,Nyamagabe,3.0,199708.31,Pure,1.0,Irish potato,199708.31,Improved seeds,0.0,50000.0,166000.0,232000.0,1.0
155,25001.0,South,Nyamagabe,6.0,16339.447,Mixed,2.0,Maize,8169.7236,Traditional seeds,75.0,0.0,0.0,1700.0,0.5
156,25001.0,South,Nyamagabe,6.0,16339.447,Mixed,2.0,Climbing bean,8169.7236,Improved seeds,0.0,125.0,0.0,1000.0,0.5
157,26001.0,South,Ruhango,4.0,2257.1958,Pure,1.0,Dessert banana,2257.1958,Traditional seeds,0.0,0.0,150.0,150.0,1.0
158,26001.0,South,Ruhango,7.0,3999.9827,Pure,1.0,Cassava,3999.9827,Traditional seeds,0.0,0.0,3000.0,6200.0,1.0
159,26001.0,South,Ruhango,8.0,17317.777,Pure,1.0,Bush bean,17317.777,Traditional seeds,200.0,0.0,1120.0,1120.0,1.0
160,26001.0,South,Ruhango,14.0,828.36835,Pure,1.0,Groundnut,828.36835,Traditional seeds,3.0,0.0,30.0,30.0,1.0
161,26001.0,South,Ruhango,18.0,15237.539,Pure,1.0,Cassava,15237.539,Traditional seeds,0.0,0.0,3000.0,6200.0,1.0
162,26002.0,South,Ruhango,1.0,878113.6,Pure,1.0,Paddy rice,878113.6,Traditional seeds,3600.0,0.0,380000.0,380000.0,1.0
163,26003.0,South,Ruhango,1.0,551080.3,Pure,1.0,Paddy rice,551080.3,Improved seeds,0.0,2556.0,187000.0,187000.0,1.0
164,26005.0,South,Ruhango,1.0,3904869.0,Pure,1.0,Paddy rice,3904869.0,Traditional seeds,14631.0,0.0,932000.0,932000.0,1.0
165,26006.0,South,Ruhango,1.0,384504.16,Pure,1.0,Paddy rice,384504.16,Traditional seeds,3573.6,0.0,65000.0,65000.0,1.0
166,26007.0,South,Ruhango,1.0,289484.6,Pure,1.0,Paddy rice,289484.6,Traditional seeds,4412.0,0.0,66180.0,66180.0,1.0
167,26008.0,South,Ruhango,1.0,146778.25,Pure,1.0,Paddy rice,146778.25,Traditional seeds,587.6,0.0,29380.0,29380.0,1.0
168,26010.0,South,Ruhango,1.0,712994.94,Pure,1.0,Paddy rice,712994.94,Traditional seeds,3500.0,0.0,150000.0,150000.0,1.0
169,27001.0,South,Muhanga,2.0,319693.62,Pure,1.0,Maize,319693.62,Improved seeds,0.0,600.0,0.0,75000.0,1.0
170,27001.0,South,Muhanga,6.0,779080.44,Pure,1.0,Paddy rice,779080.44,Both(Trad and Improved,420.0,1650.0,312825.0,312825.0,1.0
171,27002.0,South,Muhanga,1.0,606744.56,Pure,1.0,Paddy rice,606744.56,Traditional seeds,1781.0,0.0,185000.0,185000.0,1.0
172,27002.0,South,Muhanga,4.0,132226.34,Pure,1.0,Maize,132226.34,Improved seeds,0.0,850.0,0.0,30000.0,1.0
173,27003.0,South,Muhanga,1.0,2041793.6,Pure,1.0,Maize,2041793.6,Improved seeds,0.0,5123.5,0.0,563585.0,1.0
174,28001.0,South,Kamonyi,1.0,594811.9,Pure,1.0,Maize,594811.9,Improved seeds,0.0,264.0,100.0,26430.0,1.0
175,28001.0,South,Kamonyi,2.0,100202.95,Pure,1.0,Maize,100202.95,Improved seeds,0.0,1300.0,0.0,130000.0,1.0
176,28002.0,South,Kamonyi,1.0,828034.3,Pure,1.0,Paddy rice,828034.3,Improved seeds,0.0,6000.0,250000.0,250000.0,1.0
177,28003.0,South,Kamonyi,1.0,1089728.1,Pure,1.0,Paddy rice,1089728.1,Improved seeds,0.0,3182.0,282853.0,424280.0,1.0
178,28004.0,South,Kamonyi,1.0,767470.5,Pure,1.0,Maize,767470.5,Improved seeds,0.0,2175.0,240000.0,240000.0,1.0
179,31001.0,West,Karongi,1.0,11728.541,Pure,1.0,Macadamia,11728.541,Improved seeds,0.0,0.0,19572.0,21490.0,1.0
180,33001.0,West,Rubavu,2.0,40290.094,Pure,1.0,Cooking banana,40290.094,Improved seeds,0.0,0.0,19200.0,20800.0,1.0
181,33001.0,West,Rubavu,5.0,2674.3035,Pure,1.0,Climbing bean,2674.3035,Improved seeds,0.0,30.0,300.0,300.0,1.0
182,33001.0,West,Rubavu,6.0,15348.041,Pure,1.0,Napia grass for fodder,15348.041,Traditional seeds,0.0,0.0,30000.0,35000.0,1.0
183,33001.0,West,Rubavu,7.0,10763.511,Pure,1.0,Sweet potato,10763.511,Traditional seeds,0.0,0.0,0.0,5000.0,1.0
184,33001.0,West,Rubavu,9.0,11550.713,Pure,1.0,Maize,11550.713,Improved seeds,0.0,16.0,200.0,500.0,1.0
185,33001.0,West,Rubavu,12.0,2736.2246,Pure,1.0,Banana for beer,2736.2246,Traditional seeds,0.0,0.0,2000.0,2000.0,1.0
186,33002.0,West,Rubavu,1.0,137215.9,Pure,1.0,Irish potato,137215.9,Improved seeds,0.0,32000.0,46000.0,106000.0,1.0
187,33003.0,West,Rubavu,2.0,8796.839,Pure,1.0,Other perennial  crop,8796.839,Traditional seeds,0.0,0.0,120.0,150.0,1.0
188,33003.0,West,Rubavu,3.0,258674.72,Pure,1.0,Irish potato,258674.72,Improved seeds,0.0,45000.0,440000.0,440000.0,1.0
189,36001.0,West,Rusizi,1.0,166466.81,Mixed,2.0,Maize,66586.73,Traditional seeds,56.0,0.0,22272.0,22272.0,0.4
190,36001.0,West,Rusizi,1.0,166466.81,Mixed,2.0,Bush bean,99880.086,Traditional seeds,102.0,0.0,8880.0,8880.0,0.59999996
191,36002.0,West,Rusizi,1.0,3130729.0,Pure,1.0,Paddy rice,3130729.0,Improved seeds,0.0,11600.0,1587621.0,1590021.0,1.0
192,36003.0,West,Rusizi,3.0,4006912.2,Pure,1.0,Paddy rice,4006912.2,Improved seeds,0.0,15240.21,1236822.0,1468344.8,1.0
193,36004.0,West,Rusizi,1.0,2663079.5,Pure,1.0,Paddy rice,2663079.5,Improved seeds,0.0,10650.0,700000.0,1200000.0,1.0
194,36005.0,West,Rusizi,1.0,4492769.0,Pure,1.0,Paddy rice,4492769.0,Improved seeds,0.0,17564.0,1300000.0,1600000.0,1.0
195,36006.0,West,Rusizi,1.0,1510493.5,Pure,1.0,Other perennial  crop,1510493.5,Improved seeds,0.0,0.0,11000.0,11000.0,1.0
196,36007.0,West,Rusizi,1.0,529353.94,Pure,1.0,Paddy rice,529353.94,Traditional seeds,2276.3,0.0,0.0,256293.3,1.0
197,37001.0,West,Nyamasheke,1.0,70406.26,Pure,1.0,Coffee,70406.26,Improved seeds,0.0,0.0,5259.0,6259.0,1.0
198,37001.0,West,Nyamasheke,2.0,124758.76,Pure,1.0,Coffee,124758.76,Improved seeds,0.0,0.0,11933.0,14933.0,1.0
199,37001.0,West,Nyamasheke,3.0,21366.758,Pure,1.0,Coffee,21366.758,Improved seeds,0.0,0.0,299.0,375.0,1.0
200,37001.0,West,Nyamasheke,4.0,98963.21,Pure,1.0,Coffee,98963.21,Improved seeds,0.0,0.0,1381.0,1734.0,1.0
201,37001.0,West,Nyamasheke,5.0,19965.648,Pure,1.0,Coffee,19965.648,Improved seeds,0.0,0.0,279.0,350.0,1.0
202,37002.0,West,Nyamasheke,1.0,421615.7,Pure,1.0,Paddy rice,421615.7,Traditional seeds,1500.0,0.0,10000.0,100000.0,1.0
203,37004.0,West,Nyamasheke,1.0,1337795.9,Pure,1.0,Paddy rice,1337795.9,Traditional seeds,6400.0,0.0,704000.0,704000.0,1.0
204,37006.0,West,Nyamasheke,1.0,395529.03,Pure,1.0,Paddy rice,395529.03,Improved seeds,0.0,1966.0,196606.6,252779.9,1.0
205,41001.0,North,Rulindo,1.0,7860.602,Pure,1.0,Maize,7860.602,Traditional seeds,15.0,0.0,0.0,30.0,1.0
206,41001.0,North,Rulindo,2.0,31019.398,Pure,1.0,Irish potato,31019.398,Traditional seeds,1400.0,0.0,35000.0,35000.0,1.0
207,41001.0,North,Rulindo,4.0,19824.777,Pure,1.0,Wheat,19824.777,Traditional seeds,50.0,0.0,400.0,1300.0,1.0
208,41003.0,North,Rulindo,1.0,32528.227,Pure,1.0,Coffee,32528.227,Improved seeds,0.0,0.0,0.0,1000.0,1.0
209,41004.0,North,Rulindo,1.0,46932.51,Pure,1.0,Climbing bean,46932.51,Traditional seeds,250.0,0.0,2500.0,5500.0,1.0
210,41004.0,North,Rulindo,2.0,3854.062,Pure,1.0,Bush bean,3854.062,Traditional seeds,60.0,0.0,1000.0,1000.0,1.0
211,41004.0,North,Rulindo,3.0,32679.564,Pure,1.0,Maize,32679.564,Improved seeds,0.0,100.0,0.0,2000.0,1.0
212,41004.0,North,Rulindo,4.0,75437.21,Pure,1.0,Irish potato,75437.21,Traditional seeds,10500.0,0.0,20000.0,60000.0,1.0
213,41004.0,North,Rulindo,5.0,38273.934,Pure,1.0,Wheat,38273.934,Both(Trad and Improved,500.0,150.0,0.0,7000.0,1.0
214,41004.0,North,Rulindo,6.0,3586.8982,Mixed,3.0,Cabbage,1614.1042,Improved seeds,0.0,20000.0,400.0,1000.0,0.45000002
215,41004.0,North,Rulindo,6.0,3586.8982,Mixed,3.0,Onion,1076.0695,Improved seeds,0.0,50000.0,800.0,1000.0,0.3
216,41004.0,North,Rulindo,6.0,3586.8982,Mixed,3.0,Carrot,896.72455,Improved seeds,0.0,50000.0,300.0,300.0,0.25
217,41004.0,North,Rulindo,7.0,694.1838,Pure,1.0,Sugar beet,694.1838,Improved seeds,0.0,100000.0,300.0,500.0,1.0
218,41005.0,North,Rulindo,1.0,19070.385,Mixed,3.0,Cooking banana,4767.596,Improved seeds,0.0,0.0,560.0,600.0,0.25
219,41005.0,North,Rulindo,1.0,19070.385,Mixed,3.0,Dessert banana,8581.673,Improved seeds,0.0,0.0,2550.0,3450.0,0.45
220,41005.0,North,Rulindo,1.0,19070.385,Mixed,3.0,Banana for beer,5721.115,Improved seeds,0.0,0.0,9240.0,10290.0,0.29999998
221,43001.0,North,Musanze,1.0,2040.4148,Pure,1.0,Climbing bean,2040.4148,Traditional seeds,11.0,0.0,1030.0,1030.0,1.0
222,43001.0,North,Musanze,2.0,5503.784,Pure,1.0,Wheat,5503.784,Improved seeds,0.0,40.0,1600.0,1600.0,1.0
223,43001.0,North,Musanze,4.0,728.11676,Pure,1.0,Pyrethrum,728.11676,Improved seeds,0.0,0.0,2391.0,2641.0,1.0
224,43001.0,North,Musanze,7.0,1258.3293,Pure,1.0,Pea,1258.3293,Traditional seeds,10.0,0.0,80.0,80.0,1.0
225,43001.0,North,Musanze,8.0,2007.7942,Pure,1.0,Wheat,2007.7942,Improved seeds,0.0,15.0,1600.0,1600.0,1.0
226,43001.0,North,Musanze,13.0,2425.7886,Pure,1.0,Irish potato,1455.4731,Traditional seeds,250.0,0.0,620.0,620.0,0.6
227,45001.0,North,Gicumbi,1.0,91445.31,Pure,1.0,Wheat,91445.31,Improved seeds,0.0,700.0,0.0,18000.0,1.0
228,45001.0,North,Gicumbi,2.0,19719.832,Pure,1.0,Irish potato,19719.832,Traditional seeds,2900.0,0.0,14538.0,14538.0,1.0
229,45001.0,North,Gicumbi,3.0,15532.171,Pure,1.0,Irish potato,15532.171,Traditional seeds,2280.0,0.0,11439.0,11439.0,1.0
230,45001.0,North,Gicumbi,4.0,101384.414,Pure,1.0,Maize,101384.414,Improved seeds,0.0,318.0,0.0,10000.0,1.0
231,45001.0,North,Gicumbi,9.0,10016.745,Pure,1.0,Maize,10016.745,Improved seeds,0.0,31.0,0.0,1000.0,1.0
232,45001.0,North,Gicumbi,10.0,19038.342,Pure,1.0,Irish potato,19038.342,Traditional seeds,2800000.0,0.0,14022.0,14022.0,1.0
233,45002.0,East,Gicumbi,7.0,264275.94,Pure,1.0,Maize,264275.94,Improved seeds,0.0,475.0,31716.0,31716.0,1.0
234,51001.0,East,Rwamagana,1.0,30818.105,Mixed,3.0,Bush bean,9245.432,Traditional seeds,25.0,0.0,700.0,700.0,0.3
235,51001.0,East,Rwamagana,1.0,30818.105,Mixed,3.0,Soybean ,12327.242,Traditional seeds,20.0,0.0,0.0,100.0,0.4
236,51001.0,East,Rwamagana,1.0,30818.105,Mixed,3.0,Maize for fodder,9245.432,Traditional seeds,20.0,0.0,0.0,15960.0,0.3
237,51001.0,East,Rwamagana,2.0,35391.01,Mixed,2.0,Bush bean,10617.304,Traditional seeds,70.0,0.0,1300.0,1300.0,0.3
238,51001.0,East,Rwamagana,2.0,35391.01,Mixed,2.0,Pea,3539.1016,Traditional seeds,20.0,0.0,80.0,80.0,0.10000001
239,51001.0,East,Rwamagana,4.0,57364.24,Pure,1.0,Napia grass for fodder,57364.24,Traditional seeds,0.0,0.0,20540.0,65000.0,1.0
240,51001.0,East,Rwamagana,5.0,9079.381,Mixed,2.0,Dessert banana,453.96906,Traditional seeds,0.0,0.0,0.0,125.0,0.05
241,51001.0,East,Rwamagana,5.0,9079.381,Mixed,2.0,Maize for fodder,9079.381,Traditional seeds,13.0,0.0,0.0,9600.0,1.0
242,51001.0,East,Rwamagana,9.0,53993.727,Pure,1.0,Napia grass for fodder,53993.727,Traditional seeds,0.0,0.0,0.0,42120.0,1.0
243,51001.0,East,Rwamagana,10.0,40539.98,Mixed,3.0,Maize,8107.996,Traditional seeds,30.0,0.0,500.0,500.0,0.2
244,51001.0,East,Rwamagana,10.0,40539.98,Mixed,3.0,Bush bean,32431.984,Traditional seeds,120.0,0.0,2500.0,2500.0,0.8
245,51001.0,East,Rwamagana,10.0,40539.98,Mixed,3.0,Cooking banana,20269.99,Traditional seeds,0.0,0.0,1200.0,1800.0,0.5
246,51001.0,East,Rwamagana,11.0,4980.1978,Pure,1.0,Napia grass for fodder,4980.1978,Traditional seeds,0.0,0.0,6500.0,6500.0,1.0
247,51002.0,East,Rwamagana,1.0,42740.316,Pure,1.0,Napia grass for fodder,42740.316,Traditional seeds,0.0,0.0,0.0,67500.0,1.0
248,51002.0,East,Rwamagana,2.0,13202.133,Mixed,2.0,Bush bean,1320.2134,Traditional seeds,20.0,0.0,250.0,250.0,0.10000001
249,51002.0,East,Rwamagana,2.0,13202.133,Mixed,2.0,Lemon,2640.4268,Improved seeds,0.0,0.0,20.0,420.0,0.20000002
250,51002.0,East,Rwamagana,5.0,10989.019,Mixed,2.0,Cooking banana,7692.313,Improved seeds,0.0,0.0,3000.0,3540.0,0.7
251,51002.0,East,Rwamagana,5.0,10989.019,Mixed,2.0,Dessert banana,3296.7056,Improved seeds,0.0,0.0,6000.0,6450.0,0.3
252,51002.0,East,Rwamagana,7.0,10730.867,Pure,1.0,Napia grass for fodder,10730.867,Traditional seeds,0.0,0.0,4500.0,4500.0,1.0
253,51002.0,East,Rwamagana,9.0,2732.7817,Mixed,2.0,Maize,136.63908,Traditional seeds,0.5,0.0,8.0,10.0,0.05
254,51002.0,East,Rwamagana,9.0,2732.7817,Mixed,2.0,Bush bean,2596.1426,Traditional seeds,20.0,0.0,121.5,121.5,0.95
255,51003.0,East,Rwamagana,2.0,8414.82,Mixed,2.0,Cooking banana,7573.3384,Both(Trad and Improved,0.0,0.0,3720.0,4380.0,0.90000004
256,51003.0,East,Rwamagana,2.0,8414.82,Mixed,2.0,Banana for beer,841.48206,Both(Trad and Improved,0.0,0.0,945.0,1215.0,0.1
257,51003.0,East,Rwamagana,7.0,47137.758,Pure,1.0,Napia grass for fodder,47137.758,Traditional seeds,0.0,0.0,131026.0,157230.0,1.0
258,51004.0,East,Rwamagana,1.0,19701.014,Pure,1.0,Bush bean,19701.014,Traditional seeds,90.0,0.0,869.0,869.0,1.0
259,51004.0,East,Rwamagana,2.0,14848.2,Pure,1.0,Maize,14848.2,Improved seeds,0.0,50.0,2500.0,2500.0,1.0
260,51004.0,East,Rwamagana,3.0,55376.73,Pure,1.0,Maize,55376.73,Improved seeds,0.0,200.0,15000.0,15000.0,1.0
261,51005.0,East,Rwamagana,1.0,1841.8423,Pure,1.0,Cooking banana,1733.4985,Traditional seeds,0.0,0.0,500.0,575.0,0.9411764
262,51005.0,East,Rwamagana,2.0,2555.5217,Pure,1.0,Mango,1022.2087,Improved seeds,0.0,0.0,580.0,580.0,0.4
263,51005.0,East,Rwamagana,3.0,5092.4297,Mixed,2.0,Tomato,254.62148,Improved seeds,0.0,10000.0,0.0,200.0,0.049999997
264,51005.0,East,Rwamagana,3.0,5092.4297,Mixed,2.0,Amaranth,1527.7289,Traditional seeds,0.0,0.0,0.0,50.0,0.29999998
265,51005.0,East,Rwamagana,5.0,25334.418,Mixed,3.0,Cooking banana,21534.254,Traditional seeds,0.0,0.0,5000.0,5700.0,0.84999996
266,51005.0,East,Rwamagana,5.0,25334.418,Mixed,3.0,Dessert banana,1266.721,Improved seeds,0.0,0.0,800.0,1000.0,0.05
267,51005.0,East,Rwamagana,5.0,25334.418,Mixed,3.0,Mango,1266.721,Improved seeds,0.0,0.0,330.0,330.0,0.05
268,51005.0,East,Rwamagana,6.0,3782.3816,Pure,1.0,Napia grass for fodder,3782.3816,Traditional seeds,0.0,0.0,0.0,900.0,1.0
269,51005.0,East,Rwamagana,8.0,5891.4507,Mixed,3.0,Maize,589.145,Traditional seeds,1.0,0.0,0.0,20.0,0.099999994
270,51005.0,East,Rwamagana,8.0,5891.4507,Mixed,3.0,Bush bean,5007.733,Traditional seeds,50.0,0.0,1000.0,1000.0,0.84999996
271,51005.0,East,Rwamagana,8.0,5891.4507,Mixed,3.0,Groundnut,294.5725,Traditional seeds,5.0,0.0,15.0,15.0,0.049999997
272,51005.0,East,Rwamagana,9.0,2981.5322,Mixed,2.0,Irish potato,596.30646,Traditional seeds,400.0,0.0,2000.0,2000.0,0.2
273,51005.0,East,Rwamagana,9.0,2981.5322,Mixed,2.0,Soybean ,2385.2258,Traditional seeds,5.0,0.0,0.0,40.0,0.8
274,51005.0,East,Rwamagana,10.0,1352.9701,Pure,1.0,Groundnut,1352.9701,Traditional seeds,10.0,0.0,30.0,30.0,1.0
275,51005.0,East,Rwamagana,11.0,8231.192,Pure,1.0,Irish potato,8231.192,Traditional seeds,700.0,0.0,6000.0,6000.0,1.0
276,51005.0,East,Rwamagana,13.0,3116.5454,Mixed,2.0,Napia grass for fodder,3116.5454,Traditional seeds,2.0,0.0,0.0,2105.0,1.0
277,51005.0,East,Rwamagana,13.0,3116.5454,Mixed,2.0,Maize for fodder,1246.6182,Traditional seeds,0.0,0.0,0.0,300.0,0.4
278,51005.0,East,Rwamagana,14.0,12617.549,Mixed,2.0,Maize,11986.672,Both(Trad and Improved,13.0,2.0,2000.0,2000.0,0.95000005
279,51005.0,East,Rwamagana,14.0,12617.549,Mixed,2.0,Soybean ,630.87744,Improved seeds,0.0,4.0,100.0,100.0,0.05
280,51005.0,East,Rwamagana,16.0,4765.5205,Pure,1.0,Irish potato,4765.5205,Traditional seeds,400.0,0.0,2000.0,2000.0,1.0
281,51005.0,East,Rwamagana,17.0,4620.6216,Pure,1.0,Maize,4620.6216,Traditional seeds,0.0,0.0,0.0,700.0,1.0
282,51005.0,East,Rwamagana,18.0,494.8282,Pure,1.0,Cooking banana,494.8282,Traditional seeds,0.0,0.0,3000.0,3400.0,1.0
283,51005.0,East,Rwamagana,20.0,1153.3976,Pure,1.0,Sweet potato,1153.3976,Traditional seeds,0.0,0.0,380.0,380.0,1.0
284,51005.0,East,Rwamagana,21.0,6202.049,Pure,1.0,Maize,6202.049,Traditional seeds,5.0,0.0,500.0,500.0,1.0
285,51005.0,East,Rwamagana,22.0,1237.6887,Pure,1.0,Sweet pepper,1237.6887,Improved seeds,0.0,50000.0,600.0,600.0,1.0
286,51006.0,East,Rwamagana,2.0,26007.078,Pure,1.0,Napia grass for fodder,26007.078,Traditional seeds,0.0,0.0,18000.0,18000.0,1.0
287,51006.0,East,Rwamagana,5.0,32478.8,Pure,1.0,Passion fruit ,32478.8,Traditional seeds,0.0,0.0,520.0,1500.0,1.0
288,51006.0,East,Rwamagana,6.0,40668.723,Pure,1.0,Napia grass for fodder,40668.723,Traditional seeds,0.0,0.0,1920.0,1920.0,1.0
292,51007.0,East,Rwamagana,2.0,5133.8057,Pure,1.0,Bush bean,4620.4253,Traditional seeds,30.0,0.0,140.0,140.0,0.90000004
293,51007.0,East,Rwamagana,4.0,1968.666,Pure,1.0,Groundnut,1968.666,Traditional seeds,18.0,0.0,100.0,100.0,1.0
294,51007.0,East,Rwamagana,5.0,8845.827,Mixed,2.0,Maize,1326.8741,Traditional seeds,10.0,0.0,0.0,70.0,0.15
295,51007.0,East,Rwamagana,5.0,8845.827,Mixed,2.0,Bush bean,7518.9536,Traditional seeds,80.0,0.0,250.0,250.0,0.8500001
296,51007.0,East,Rwamagana,7.0,3827.6309,Mixed,2.0,Maize,1913.8154,Traditional seeds,1.0,0.0,0.0,10.0,0.5
297,51007.0,East,Rwamagana,7.0,3827.6309,Mixed,2.0,Bush bean,1913.8154,Traditional seeds,10.0,0.0,42.0,42.0,0.5
298,51007.0,East,Rwamagana,9.0,31872.188,Pure,1.0,Napia grass for fodder,31872.188,Traditional seeds,0.0,0.0,20000.0,24000.0,1.0
299,51007.0,East,Rwamagana,12.0,1743.8434,Mixed,2.0,Maize,523.153,Traditional seeds,1.0,0.0,0.0,7.0,0.3
300,51007.0,East,Rwamagana,12.0,1743.8434,Mixed,2.0,Bush bean,1220.6904,Traditional seeds,9.0,0.0,29.0,29.0,0.70000005
301,51007.0,East,Rwamagana,14.0,40598.664,Pure,1.0,Napia grass for fodder,40598.664,Traditional seeds,0.0,0.0,30500.0,38460.0,1.0
302,51007.0,East,Rwamagana,15.0,3085.4094,Pure,1.0,Cooking banana,3085.4094,Improved seeds,0.0,0.0,360.0,410.0,1.0
303,51007.0,East,Rwamagana,16.0,1710.2059,Mixed,2.0,Maize,855.10297,Traditional seeds,1.0,0.0,0.0,4.0,0.5
304,51007.0,East,Rwamagana,16.0,1710.2059,Mixed,2.0,Bush bean,855.10297,Traditional seeds,10.0,0.0,23.0,23.0,0.5
305,51007.0,East,Rwamagana,18.0,954.806,Pure,1.0,Napia grass for fodder,954.806,Traditional seeds,0.0,0.0,150.0,150.0,1.0
306,51008.0,East,Rwamagana,5.0,4117.96,Pure,1.0,Napia grass for fodder,4117.96,Traditional seeds,0.0,0.0,1080.0,1080.0,1.0
307,51008.0,East,Rwamagana,7.0,16633.387,Pure,1.0,Maize,16633.387,Improved seeds,0.0,30.0,0.0,750.0,1.0
308,51008.0,East,Rwamagana,8.0,20753.607,Pure,1.0,Napia grass for fodder,20753.607,Traditional seeds,0.0,0.0,100.0,2620.0,1.0
309,51008.0,East,Rwamagana,10.0,3667.3071,Pure,1.0,Napia grass for fodder,3667.3071,Traditional seeds,0.0,0.0,0.0,720.0,1.0
310,51009.0,East,Rwamagana,1.0,124038.16,Pure,1.0,Maize,124038.16,Improved seeds,0.0,372.0,0.0,37200.0,1.0
311,51009.0,East,Rwamagana,2.0,802158.5,Pure,1.0,Maize,802158.5,Improved seeds,0.0,2406.0,0.0,200576.0,1.0
312,51009.0,East,Rwamagana,4.0,106582.76,Pure,1.0,Maize,106582.76,Improved seeds,0.0,266.5,0.0,32000.0,1.0
313,51009.0,East,Rwamagana,5.0,39303.66,Mixed,2.0,Maize,39303.66,Improved seeds,0.0,98.0,0.0,12000.0,1.0
314,51009.0,East,Rwamagana,5.0,39303.66,Mixed,2.0,Dessert banana,1965.183,Traditional seeds,0.0,0.0,0.0,40.0,0.05
315,51009.0,East,Rwamagana,6.0,47876.49,Pure,1.0,Dessert banana,47876.49,Improved seeds,0.0,0.0,0.0,40.0,1.0
316,51009.0,East,Rwamagana,8.0,22744.992,Mixed,4.0,Cabbage,6823.4976,Improved seeds,0.0,100000.0,1800.0,1900.0,0.29999998
317,51009.0,East,Rwamagana,8.0,22744.992,Mixed,4.0,Carrot,1137.2496,Improved seeds,0.0,100000.0,0.0,200.0,0.05
318,51009.0,East,Rwamagana,8.0,22744.992,Mixed,4.0,Amaranth,11372.496,Improved seeds,0.0,500000.0,2000.0,2000.0,0.5
319,51009.0,East,Rwamagana,8.0,22744.992,Mixed,4.0,Other seasonal vegetable,3411.7488,Improved seeds,0.0,50000.0,2000.0,2400.0,0.14999999
320,51010.0,East,Rwamagana,1.0,88994.86,Pure,1.0,Napia grass for fodder,88994.86,Traditional seeds,0.0,0.0,180600.0,211400.0,1.0
321,51010.0,East,Rwamagana,3.0,18653.812,Pure,1.0,Napia grass for fodder,18653.812,Traditional seeds,0.0,0.0,0.0,29400.0,1.0
322,51010.0,East,Rwamagana,9.0,60586.957,Pure,1.0,Napia grass for fodder,60586.957,Traditional seeds,0.0,0.0,33600.0,43400.0,1.0
323,51010.0,East,Rwamagana,12.0,15387.577,Mixed,2.0,Cooking banana,13079.44,Traditional seeds,0.0,0.0,1250.0,1250.0,0.84999996
324,51010.0,East,Rwamagana,12.0,15387.577,Mixed,2.0,Dessert banana,1846.5093,Traditional seeds,0.0,0.0,600.0,600.0,0.120000005
325,51010.0,East,Rwamagana,13.0,8491.265,Mixed,2.0,Cooking banana,7642.138,Traditional seeds,0.0,0.0,630.0,630.0,0.9
326,51010.0,East,Rwamagana,13.0,8491.265,Mixed,2.0,Dessert banana,849.1264,Traditional seeds,0.0,0.0,180.0,180.0,0.099999994
327,51010.0,East,Rwamagana,14.0,23279.492,Pure,1.0,Napia grass for fodder,23279.492,Traditional seeds,0.0,0.0,9000.0,26500.0,1.0
328,51012.0,East,Rwamagana,1.0,315.53366,Pure,1.0,Sweet potato,315.53366,Improved seeds,0.0,0.0,0.0,400.0,1.0
329,51012.0,East,Rwamagana,2.0,118832.46,Pure,1.0,Napia grass for fodder,118832.46,Improved seeds,0.0,0.0,288000.0,1704000.0,1.0
330,51012.0,East,Rwamagana,4.0,1743.2489,Pure,1.0,Cabbage,1394.5991,Improved seeds,0.0,125000.0,0.0,10000.0,0.8
331,51012.0,East,Rwamagana,6.0,5245.491,Pure,1.0,Napia grass for fodder,5245.491,Improved seeds,0.0,1500.0,0.0,1560.0,1.0
332,51012.0,East,Rwamagana,7.0,2634.962,Pure,1.0,Sweet potato,2634.962,Traditional seeds,0.0,0.0,0.0,7000.0,1.0
333,51012.0,East,Rwamagana,8.0,3362.0483,Mixed,3.0,Maize,353.8998,Improved seeds,0.0,24.0,0.0,50.0,0.10526315
334,51012.0,East,Rwamagana,8.0,3362.0483,Mixed,3.0,Irish potato,2477.2988,Traditional seeds,35.0,0.0,400.0,400.0,0.7368421
335,51012.0,East,Rwamagana,8.0,3362.0483,Mixed,3.0,Cabbage,530.84973,Improved seeds,0.0,125000.0,0.0,19500.0,0.15789473
336,51012.0,East,Rwamagana,9.0,2810.7905,Pure,1.0,Sweet potato,2810.7905,Traditional seeds,0.0,0.0,0.0,3544.0,1.0
337,51013.0,East,Rwamagana,2.0,64366.344,Pure,1.0,Napia grass for fodder,64366.344,Traditional seeds,0.0,0.0,115920.0,139104.0,1.0
338,51013.0,East,Rwamagana,3.0,2213.153,Pure,1.0,Napia grass for fodder,2213.153,Traditional seeds,0.0,0.0,16200.0,21600.0,1.0
339,51013.0,East,Rwamagana,5.0,724.9005,Pure,1.0,Napia grass for fodder,724.9005,Traditional seeds,0.0,0.0,800.0,1000.0,1.0
340,51013.0,East,Rwamagana,8.0,30259.137,Pure,1.0,Napia grass for fodder,30259.137,Traditional seeds,0.0,0.0,57960.0,69552.0,1.0
341,51013.0,East,Rwamagana,9.0,29639.303,Pure,1.0,Napia grass for fodder,29639.303,Traditional seeds,0.0,0.0,57960.0,69552.0,1.0
342,51014.0,East,Rwamagana,2.0,142166.42,Pure,1.0,Napia grass for fodder,142166.42,Traditional seeds,0.0,0.0,146650.0,232750.0,1.0
343,51014.0,East,Rwamagana,3.0,65896.195,Pure,1.0,Napia grass for fodder,65896.195,Traditional seeds,0.0,0.0,86100.0,86100.0,1.0
344,51015.0,East,Rwamagana,1.0,78314.75,Pure,1.0,Napia grass for fodder,78314.75,Traditional seeds,0.0,0.0,40000.0,60000.0,1.0
345,51015.0,East,Rwamagana,4.0,15530.549,Pure,1.0,Napia grass for fodder,15530.549,Traditional seeds,0.0,0.0,28800.0,59600.0,1.0
346,51016.0,East,Rwamagana,1.0,10785.322,Pure,1.0,Cooking banana,10785.322,Traditional seeds,0.0,0.0,896.0,896.0,1.0
347,51016.0,East,Rwamagana,2.0,29311.273,Pure,1.0,Maize,29311.273,Improved seeds,0.0,53.0,8790.0,8790.0,1.0
348,51016.0,East,Rwamagana,3.0,9014.61,Pure,1.0,Maize,9014.61,Improved seeds,0.0,17.0,0.0,2790.0,1.0
349,51016.0,East,Rwamagana,4.0,11925.811,Pure,1.0,Maize,11925.811,Improved seeds,0.0,22.0,0.0,1250.0,1.0
350,51016.0,East,Rwamagana,6.0,10669.686,Pure,1.0,Maize,10669.686,Improved seeds,0.0,20.0,0.0,1605.0,1.0
351,51016.0,East,Rwamagana,7.0,3126.7605,Pure,1.0,Cabbage,3126.7605,Improved seeds,0.0,200000.0,2118.0,2118.0,1.0
352,51016.0,East,Rwamagana,8.0,3536.7605,Pure,1.0,Sweet potato,3536.7605,Traditional seeds,0.0,0.0,0.0,3400.0,1.0
353,51016.0,East,Rwamagana,9.0,868.82385,Mixed,4.0,Amaranth,173.76477,Improved seeds,0.0,50000.0,20.0,20.0,0.2
354,51016.0,East,Rwamagana,9.0,868.82385,Mixed,4.0,Celery,260.64716,Improved seeds,0.0,50000.0,25.0,25.0,0.3
355,51016.0,East,Rwamagana,9.0,868.82385,Mixed,4.0,Leek,173.76477,Improved seeds,0.0,50000.0,0.0,35.0,0.2
356,51016.0,East,Rwamagana,9.0,868.82385,Mixed,4.0,Letus,260.64716,Improved seeds,0.0,50000.0,0.0,80.0,0.3
357,51016.0,East,Rwamagana,11.0,113.662025,Pure,1.0,Sweet potato,113.662025,Traditional seeds,0.0,0.0,0.0,100.0,1.0
358,51016.0,East,Rwamagana,12.0,5372.932,Pure,1.0,Maize,5372.932,Improved seeds,0.0,10.0,0.0,1620.0,1.0
359,51017.0,East,Rwamagana,6.0,14798.848,Mixed,2.0,Bush bean,11839.077,Improved seeds,0.0,150.0,1458.0,1458.0,0.79999995
360,51017.0,East,Rwamagana,6.0,14798.848,Mixed,2.0,Irish potato,2959.7693,Traditional seeds,250000.0,0.0,3100.0,3100.0,0.19999999
361,51017.0,East,Rwamagana,7.0,65493.81,Pure,1.0,Maize,65493.81,Improved seeds,0.0,149.25,0.0,19980.0,1.0
362,51017.0,East,Rwamagana,8.0,26080.83,Pure,1.0,Bush bean,26080.83,Improved seeds,0.0,400.0,584.0,584.0,1.0
363,51017.0,East,Rwamagana,9.0,14983.679,Pure,1.0,Bush bean,14983.679,Improved seeds,0.0,230.0,460.4,460.4,1.0
364,51017.0,East,Rwamagana,10.0,29553.035,Pure,1.0,Pea,11082.388,Traditional seeds,50.0,0.0,40.0,40.0,0.37499997
365,51018.0,East,Rwamagana,1.0,746365.7,Pure,1.0,Paddy rice,746365.7,Improved seeds,0.0,1605.0,183763.0,183763.0,1.0
366,51019.0,East,Rwamagana,1.0,1096293.6,Pure,1.0,Paddy rice,1096293.6,Improved seeds,0.0,3297.0,370000.0,370000.0,1.0
367,51020.0,East,Rwamagana,1.0,537212.56,Pure,1.0,Paddy rice,537212.56,Improved seeds,0.0,1590.0,204000.0,204000.0,1.0
368,52001.0,East,Nyagatare,2.0,223185.14,Pure,1.0,Sorghum,223185.14,Traditional seeds,379.5,0.0,0.0,49104.0,1.0
369,52001.0,East,Nyagatare,4.0,10274.671,Pure,1.0,Sorghum,10274.671,Traditional seeds,17.0,0.0,0.0,2266.0,1.0
370,52001.0,East,Nyagatare,5.0,18896.955,Pure,1.0,Sorghum,18896.955,Traditional seeds,32.0,0.0,0.0,4158.0,1.0
371,52002.0,East,Nyagatare,2.0,43447.07,Pure,1.0,Maize,43447.07,Improved seeds,0.0,135.0,7493.5,22480.5,1.0
372,52002.0,East,Nyagatare,4.0,17800.123,Pure,1.0,Maize,17800.123,Improved seeds,0.0,55.0,3066.0,9198.0,1.0
373,52002.0,East,Nyagatare,6.0,17097.514,Pure,1.0,Maize,17097.514,Improved seeds,0.0,53.0,2945.0,8836.0,1.0
374,52002.0,East,Nyagatare,8.0,19020.8,Pure,1.0,Maize,19020.8,Improved seeds,0.0,59.0,3273.0,9819.0,1.0
375,52002.0,East,Nyagatare,11.0,18735.037,Pure,1.0,Maize,18735.037,Improved seeds,0.0,58.0,3221.0,9663.7,1.0
376,52003.0,East,Nyagatare,2.0,57615.812,Pure,1.0,Maize,57615.812,Improved seeds,0.0,225.0,0.0,40000.0,1.0
377,52003.0,East,Nyagatare,3.0,12957.768,Pure,1.0,Maize,12957.768,Improved seeds,0.0,25.0,0.0,1500.0,1.0
378,52003.0,East,Nyagatare,4.0,33203.04,Pure,1.0,Bush bean,33203.04,Improved seeds,0.0,75.0,1200.0,1200.0,1.0
379,52004.0,East,Nyagatare,2.0,61521.74,Mixed,3.0,Maize,26915.76,Both(Trad and Improved,89.5,50.0,0.0,3382.5,0.4375
380,52004.0,East,Nyagatare,2.0,61521.74,Mixed,3.0,Bush bean,30760.87,Traditional seeds,191.5,0.0,1654.0,1654.0,0.5
381,52004.0,East,Nyagatare,2.0,61521.74,Mixed,3.0,Groundnut,3845.1086,Traditional seeds,86.0,0.0,0.0,258.0,0.0625
382,52004.0,East,Nyagatare,3.0,36595.78,Mixed,3.0,Maize,15068.852,Traditional seeds,83.0,0.0,0.0,2014.0,0.4117647
383,52004.0,East,Nyagatare,3.0,36595.78,Mixed,3.0,Sorghum,6458.0786,Traditional seeds,60.0,0.0,0.0,2482.0,0.17647058
384,52004.0,East,Nyagatare,3.0,36595.78,Mixed,3.0,Bush bean,15068.852,Traditional seeds,83.0,0.0,984.5,984.5,0.4117647
385,52004.0,East,Nyagatare,4.0,2322.3193,Mixed,2.0,Maize,516.0709,Traditional seeds,5.0,0.0,0.0,10.0,0.22222221
386,52004.0,East,Nyagatare,4.0,2322.3193,Mixed,2.0,Sorghum,1806.2484,Traditional seeds,4.0,0.0,0.0,15.0,0.7777778
387,52004.0,East,Nyagatare,5.0,4673.1733,Mixed,4.0,Maize,1649.3551,Traditional seeds,10.5,0.0,0.0,258.5,0.35294113
388,52004.0,East,Nyagatare,5.0,4673.1733,Mixed,4.0,Sorghum,824.67755,Traditional seeds,8.5,0.0,0.0,446.5,0.17647056
389,52004.0,East,Nyagatare,5.0,4673.1733,Mixed,4.0,Bush bean,1649.3551,Traditional seeds,15.0,0.0,126.5,126.5,0.35294113
390,52004.0,East,Nyagatare,5.0,4673.1733,Mixed,4.0,Groundnut,549.78503,Traditional seeds,6.5,0.0,20.0,20.0,0.117647044
391,52004.0,East,Nyagatare,6.0,10183.678,Pure,1.0,Sorghum,10183.678,Traditional seeds,23.0,0.0,0.0,1208.0,1.0
392,52004.0,East,Nyagatare,7.0,5898.21,Mixed,2.0,Maize,2793.8887,Traditional seeds,13.5,0.0,0.0,325.0,0.47368416
393,52004.0,East,Nyagatare,7.0,5898.21,Mixed,2.0,Bush bean,3104.321,Traditional seeds,18.5,0.0,159.0,159.0,0.5263158
394,52004.0,East,Nyagatare,8.0,3161.54,Mixed,3.0,Maize,1229.4878,Traditional seeds,7.0,0.0,0.0,176.0,0.3888889
395,52004.0,East,Nyagatare,8.0,3161.54,Mixed,3.0,Bush bean,1405.1288,Traditional seeds,10.0,0.0,86.0,86.0,0.44444442
396,52004.0,East,Nyagatare,8.0,3161.54,Mixed,3.0,Groundnut,526.92334,Traditional seeds,4.5,0.0,0.0,13.5,0.16666667
397,52004.0,East,Nyagatare,9.0,16477.535,Mixed,2.0,Maize,7754.134,Traditional seeds,37.5,0.0,0.0,908.0,0.4705882
398,52004.0,East,Nyagatare,9.0,16477.535,Mixed,2.0,Bush bean,8723.4,Traditional seeds,51.0,0.0,443.5,443.5,0.52941173
399,52004.0,East,Nyagatare,10.0,5594.9546,Pure,1.0,Maize,5594.9546,Traditional seeds,13.0,0.0,0.0,308.0,1.0
400,52006.0,East,Nyagatare,2.0,46023.254,Mixed,2.0,Maize,46023.254,Improved seeds,0.0,138.0,0.0,36800.0,1.0
401,52006.0,East,Nyagatare,2.0,46023.254,Mixed,2.0,Mango,2301.1628,Improved seeds,0.0,0.0,1100.0,1100.0,0.050000004
402,52006.0,East,Nyagatare,4.0,31929.477,Mixed,2.0,Maize,31929.477,Improved seeds,0.0,95.7,0.0,25520.0,1.0
403,52006.0,East,Nyagatare,4.0,31929.477,Mixed,2.0,Mango,1596.4738,Improved seeds,0.0,0.0,900.0,900.0,0.049999997
404,52006.0,East,Nyagatare,6.0,28901.69,Pure,1.0,Maize,28901.69,Improved seeds,0.0,65.0,0.0,23120.0,1.0
405,52006.0,East,Nyagatare,8.0,29515.887,Pure,1.0,Maize,29515.887,Improved seeds,0.0,88.0,0.0,23600.0,1.0
406,52006.0,East,Nyagatare,10.0,31459.56,Pure,1.0,Maize,31459.56,Improved seeds,0.0,94.5,0.0,25200.0,1.0
407,52007.0,East,Nyagatare,2.0,26326.225,Mixed,2.0,Maize,2149.0796,Traditional seeds,6.5,0.0,0.0,500.0,0.08163265
408,52007.0,East,Nyagatare,2.0,26326.225,Mixed,2.0,Sorghum,24177.145,Traditional seeds,70.0,0.0,6000.0,9200.0,0.9183673
409,52007.0,East,Nyagatare,6.0,2084.0935,Pure,1.0,Bush bean,1563.0701,Traditional seeds,7.0,0.0,50.0,50.0,0.75
410,52007.0,East,Nyagatare,7.0,410.09003,Mixed,2.0,Maize,128.15314,Traditional seeds,0.5,0.0,0.0,10.0,0.3125
411,52007.0,East,Nyagatare,7.0,410.09003,Mixed,2.0,Millet,281.9369,Traditional seeds,0.5,0.0,3.0,3.0,0.6875
412,52007.0,East,Nyagatare,8.0,5670.248,Mixed,2.0,Sorghum,2551.6116,Traditional seeds,10.0,0.0,0.0,800.0,0.45
413,52007.0,East,Nyagatare,8.0,5670.248,Mixed,2.0,Cooking banana,3543.905,Traditional seeds,0.0,0.0,25.0,48.0,0.625
414,52007.0,East,Nyagatare,9.0,1758.0807,Pure,1.0,Bush bean,1054.8484,Traditional seeds,5.0,0.0,15.0,15.0,0.59999996
415,52007.0,East,Nyagatare,18.0,42518.72,Mixed,2.0,Maize,7086.4536,Traditional seeds,10.0,0.0,0.0,250.0,0.16666667
416,52007.0,East,Nyagatare,18.0,42518.72,Mixed,2.0,Sorghum,35432.266,Traditional seeds,100.0,0.0,3500.0,4500.0,0.8333333
417,52007.0,East,Nyagatare,20.0,2378.0327,Mixed,3.0,Maize,500.6385,Traditional seeds,1.0,0.0,0.0,5.0,0.21052633
418,52007.0,East,Nyagatare,20.0,2378.0327,Mixed,3.0,Bush bean,1877.3942,Traditional seeds,5.0,0.0,15.0,15.0,0.78947365
419,52007.0,East,Nyagatare,20.0,2378.0327,Mixed,3.0,Cooking banana,2259.131,Traditional seeds,0.0,0.0,0.0,30.0,0.95
420,52008.0,East,Nyagatare,2.0,23968.084,Mixed,2.0,Bush bean,23968.084,Improved seeds,0.0,80.0,866.5,866.5,1.0
421,52008.0,East,Nyagatare,2.0,23968.084,Mixed,2.0,Pineapple,9587.233,Improved seeds,0.0,0.0,0.0,123.0,0.4
422,52008.0,East,Nyagatare,3.0,36295.387,Mixed,4.0,Bush bean,36295.387,Improved seeds,0.0,105.0,2720.0,2720.0,1.0
423,52008.0,East,Nyagatare,3.0,36295.387,Mixed,4.0,Cassava,14518.155,Traditional seeds,0.0,0.0,0.0,2090.0,0.4
424,52008.0,East,Nyagatare,3.0,36295.387,Mixed,4.0,Cooking banana,14518.155,Improved seeds,0.0,0.0,350.0,8390.0,0.4
425,52008.0,East,Nyagatare,3.0,36295.387,Mixed,4.0,Mango,7259.0776,Improved seeds,0.0,0.0,0.0,1070.0,0.2
426,52008.0,East,Nyagatare,4.0,11511.427,Mixed,3.0,Maize,5755.7134,Improved seeds,0.0,10.25,0.0,1845.0,0.5
427,52008.0,East,Nyagatare,4.0,11511.427,Mixed,3.0,Bush bean,5755.7134,Improved seeds,0.0,24.5,264.0,264.0,0.5
428,52008.0,East,Nyagatare,4.0,11511.427,Mixed,3.0,Cassava,5755.7134,Traditional seeds,0.0,0.0,0.0,500.0,0.5
429,52008.0,East,Nyagatare,5.0,9066.952,Mixed,3.0,Maize,4533.476,Improved seeds,0.0,19.5,0.0,3510.0,0.5
430,52008.0,East,Nyagatare,5.0,9066.952,Mixed,3.0,Bush bean,4533.476,Improved seeds,0.0,46.8,504.0,504.0,0.5
431,52008.0,East,Nyagatare,5.0,9066.952,Mixed,3.0,Cassava,4533.476,Traditional seeds,0.0,0.0,0.0,1032.0,0.5
432,52008.0,East,Nyagatare,6.0,13380.149,Mixed,2.0,Maize,9366.1045,Improved seeds,0.0,24.0,0.0,4320.0,0.7
433,52008.0,East,Nyagatare,6.0,13380.149,Mixed,2.0,Groundnut,4014.045,Improved seeds,0.0,40.0,315.0,315.0,0.3
434,52010.0,East,Nyagatare,3.0,306006.88,Pure,1.0,Maize,306006.88,Improved seeds,0.0,918.0,0.0,183600.0,1.0
435,52011.0,East,Nyagatare,5.0,118497.51,Pure,1.0,Maize,118497.51,Improved seeds,0.0,275.0,20000.0,33000.0,1.0
436,52012.0,East,Nyagatare,2.0,1342780.0,Pure,1.0,Paddy rice,1342780.0,Improved seeds,0.0,289.0,215600.0,217100.0,1.0
437,52013.0,East,Nyagatare,1.0,1470946.6,Pure,1.0,Paddy rice,1470946.6,Improved seeds,0.0,6480.0,261653.0,261653.0,1.0
438,52014.0,East,Nyagatare,1.0,4336627.0,Pure,1.0,Paddy rice,4336627.0,Improved seeds,0.0,5625.0,492593.0,492593.0,1.0
439,52014.0,East,Nyagatare,3.0,1347666.6,Pure,1.0,Paddy rice,1347666.6,Improved seeds,0.0,4972.0,435445.0,435445.0,1.0
440,52014.0,East,Nyagatare,4.0,349362.34,Pure,1.0,Paddy rice,349362.34,Improved seeds,0.0,1289.0,112875.0,112875.0,1.0
441,52014.0,East,Nyagatare,6.0,25137.137,Pure,1.0,Paddy rice,25137.137,Improved seeds,0.0,92.5,8108.5,8108.5,1.0
442,52014.0,East,Nyagatare,7.0,347769.3,Pure,1.0,Paddy rice,347769.3,Improved seeds,0.0,1283.0,112358.0,112358.0,1.0
443,52014.0,East,Nyagatare,9.0,433554.7,Pure,1.0,Paddy rice,433554.7,Improved seeds,0.0,1599.5,178971.0,178971.0,1.0
444,52014.0,East,Nyagatare,16.0,86205.32,Pure,1.0,Paddy rice,86205.32,Improved seeds,0.0,318.0,6085.0,6085.0,1.0
445,52015.0,East,Nyagatare,1.0,597551.8,Pure,1.0,Paddy rice,597551.8,Improved seeds,0.0,790.0,5268.0,5268.0,1.0
446,52015.0,East,Nyagatare,5.0,214168.98,Pure,1.0,Paddy rice,214168.98,Improved seeds,0.0,586.5,3911.5,3911.5,1.0
447,52015.0,East,Nyagatare,8.0,94895.53,Pure,1.0,Paddy rice,94895.53,Improved seeds,0.0,123.0,812.0,812.0,1.0
448,52016.0,East,Nyagatare,1.0,6706593.0,Pure,1.0,Paddy rice,6706593.0,Improved seeds,0.0,35100.0,1800000.0,2106000.0,1.0
449,52016.0,East,Nyagatare,2.0,271893.47,Pure,1.0,Paddy rice,271893.47,Improved seeds,0.0,2025.0,121500.0,121500.0,1.0
450,52016.0,East,Nyagatare,3.0,269955.34,Pure,1.0,Paddy rice,269955.34,Improved seeds,0.0,2025.0,21500.0,121500.0,1.0
451,52016.0,East,Nyagatare,4.0,399102.88,Pure,1.0,Paddy rice,399102.88,Improved seeds,0.0,2775.0,112500.0,166500.0,1.0
452,52016.0,East,Nyagatare,5.0,406673.53,Pure,1.0,Paddy rice,406673.53,Improved seeds,0.0,2850.0,0.0,171000.0,1.0
453,52016.0,East,Nyagatare,7.0,158016.17,Pure,1.0,Paddy rice,158016.17,Improved seeds,0.0,1050.0,0.0,63000.0,1.0
454,52017.0,East,Nyagatare,1.0,6029032.5,Pure,1.0,Maize,6029032.5,Improved seeds,0.0,12500.0,800000.0,2000000.0,1.0
455,52018.0,East,Nyagatare,1.0,43167.688,Mixed,3.0,Cooking banana,40175.867,Improved seeds,0.0,0.0,3900.0,8160.0,0.9306931
456,52018.0,East,Nyagatare,1.0,43167.688,Mixed,3.0,Dessert banana,2137.0142,Improved seeds,0.0,0.0,800.0,1680.0,0.04950495
457,52018.0,East,Nyagatare,1.0,43167.688,Mixed,3.0,Banana for beer,854.8057,Improved seeds,0.0,0.0,450.0,1170.0,0.019801982
458,52018.0,East,Nyagatare,3.0,59159.805,Mixed,3.0,Bush bean,29579.902,Traditional seeds,120.0,0.0,3000.0,3000.0,0.5
459,52018.0,East,Nyagatare,3.0,59159.805,Mixed,3.0,Cooking banana,53243.824,Improved seeds,0.0,0.0,3600.0,8120.0,0.9
460,52018.0,East,Nyagatare,3.0,59159.805,Mixed,3.0,Dessert banana,5915.9805,Improved seeds,0.0,0.0,3200.0,6000.0,0.1
461,52019.0,East,Nyagatare,2.0,13319.4795,Mixed,2.0,Groundnut,13319.4795,Traditional seeds,150.0,0.0,1500.0,1500.0,1.0
462,52019.0,East,Nyagatare,2.0,13319.4795,Mixed,2.0,Mango,11321.558,Improved seeds,0.0,0.0,40000.0,71000.0,0.85
463,52019.0,East,Nyagatare,3.0,41823.54,Mixed,2.0,Bush bean,29276.479,Traditional seeds,200.0,0.0,5000.0,5000.0,0.70000005
464,52019.0,East,Nyagatare,3.0,41823.54,Mixed,2.0,Mango,41823.54,Improved seeds,0.0,0.0,30000.0,65100.0,1.0
465,52019.0,East,Nyagatare,4.0,4067.5269,Mixed,2.0,Irish potato,4067.5269,Traditional seeds,3000.0,0.0,11000.0,11000.0,1.0
466,52019.0,East,Nyagatare,4.0,4067.5269,Mixed,2.0,Mango,3660.7742,Improved seeds,0.0,0.0,9200.0,19200.0,0.9
467,52019.0,East,Nyagatare,5.0,7777.1216,Mixed,2.0,Bush bean,6066.155,Traditional seeds,60.0,0.0,500.0,500.0,0.78
468,52019.0,East,Nyagatare,5.0,7777.1216,Mixed,2.0,Mango,7777.1216,Improved seeds,0.0,0.0,10000.0,38550.0,1.0
469,52019.0,East,Nyagatare,6.0,9624.113,Pure,1.0,Tomato,3368.4397,Improved seeds,0.0,0.0,16200.0,16200.0,0.35
470,52020.0,East,Nyagatare,1.0,8684584.0,Pure,1.0,Paddy rice,8684584.0,Improved seeds,0.0,26300.0,3821928.0,3821928.0,1.0
471,52021.0,East,Nyagatare,1.0,97330.414,Pure,1.0,Sorghum,97330.414,Traditional seeds,300.0,0.0,0.0,38800.0,1.0
472,53001.0,East,Gatsibo,2.0,2272.4917,Pure,1.0,Sorghum,2272.4917,Traditional seeds,3.0,0.0,0.0,210.0,1.0
473,53001.0,East,Gatsibo,3.0,14144.88,Mixed,2.0,Maize,9152.568,Traditional seeds,20.0,0.0,0.0,200.0,0.6470587
474,53001.0,East,Gatsibo,3.0,14144.88,Mixed,2.0,Bush bean,4992.3105,Traditional seeds,75.0,0.0,720.0,720.0,0.3529412
475,53001.0,East,Gatsibo,5.0,36098.145,Pure,1.0,Maize,36098.145,Traditional seeds,95.0,0.0,0.0,750.0,1.0
476,53001.0,East,Gatsibo,6.0,14553.742,Pure,1.0,Sorghum,14553.742,Traditional seeds,35.0,0.0,100.0,1500.0,1.0
477,53001.0,East,Gatsibo,7.0,2824.7407,Pure,1.0,Sorghum,2824.7407,Traditional seeds,4.0,0.0,0.0,106.0,1.0
478,53001.0,East,Gatsibo,8.0,28294.783,Mixed,2.0,Maize,14979.592,Traditional seeds,40.0,0.0,200.0,950.0,0.5294118
479,53001.0,East,Gatsibo,8.0,28294.783,Mixed,2.0,Bush bean,13315.191,Traditional seeds,35.0,0.0,256.0,256.0,0.4705882
480,53002.0,East,Gatsibo,1.0,99780.48,Pure,1.0,Maize,99780.48,Improved seeds,0.0,250.0,50000.0,50000.0,1.0
481,53002.0,East,Gatsibo,2.0,5028.9927,Pure,1.0,Climbing bean,5028.9927,Traditional seeds,40.0,0.0,660.0,660.0,1.0
482,53003.0,East,Gatsibo,1.0,88055.94,Pure,1.0,Maize,88055.94,Improved seeds,0.0,250.0,21430.0,26430.0,1.0
483,53003.0,East,Gatsibo,2.0,837.23486,Pure,1.0,Sugar beet,837.23486,Improved seeds,0.0,500000.0,0.0,70.0,1.0
484,53003.0,East,Gatsibo,3.0,2387.2864,Pure,1.0,Sugar beet,2387.2864,Improved seeds,0.0,850000.0,0.0,560.0,1.0
485,53003.0,East,Gatsibo,8.0,18460.97,Pure,1.0,Eggplant,18460.97,Improved seeds,0.0,0.0,0.0,18200.0,1.0
486,53003.0,East,Gatsibo,9.0,4592.1733,Pure,1.0,Napia grass for fodder,4592.1733,Improved seeds,0.0,0.0,0.0,828000.0,1.0
487,53003.0,East,Gatsibo,11.0,18203.096,Pure,1.0,Napia grass for fodder,18203.096,Improved seeds,0.0,0.0,818075.0,819000.0,1.0
488,53004.0,East,Gatsibo,2.0,34293.086,Mixed,3.0,Bush bean,27434.469,Improved seeds,0.0,360.0,1300.0,1300.0,0.8
489,53004.0,East,Gatsibo,2.0,34293.086,Mixed,3.0,Cooking banana,29149.125,Improved seeds,0.0,0.0,2000.0,16100.0,0.8500001
490,53004.0,East,Gatsibo,2.0,34293.086,Mixed,3.0,Dessert banana,5143.963,Improved seeds,0.0,0.0,1500.0,7000.0,0.15
491,53004.0,East,Gatsibo,3.0,7544.5654,Pure,1.0,Maize,7544.5654,Improved seeds,0.0,35.0,0.0,3000.0,1.0
492,53004.0,East,Gatsibo,4.0,36541.613,Pure,1.0,Climbing bean,36541.613,Improved seeds,0.0,350.0,2587.0,2587.0,1.0
493,53004.0,East,Gatsibo,6.0,2976.323,Mixed,2.0,Maize,2678.691,Improved seeds,0.0,14.0,0.0,1200.0,0.9000001
494,53004.0,East,Gatsibo,6.0,2976.323,Mixed,2.0,Climbing bean,297.63232,Improved seeds,0.0,14.5,212.0,212.0,0.10000001
495,53004.0,East,Gatsibo,7.0,4607.123,Pure,1.0,Maize,4607.123,Improved seeds,0.0,15.0,0.0,1840.0,1.0
496,53004.0,East,Gatsibo,8.0,1302.3328,Pure,1.0,Cassava,1302.3328,Improved seeds,0.0,0.0,0.0,950.0,1.0
497,53004.0,East,Gatsibo,9.0,1250.8036,Mixed,2.0,Sweet potato,1250.8036,Traditional seeds,0.0,0.0,0.0,950.0,1.0
498,53004.0,East,Gatsibo,9.0,1250.8036,Mixed,2.0,Cassava,375.2411,Traditional seeds,0.0,0.0,0.0,100.0,0.3
499,53004.0,East,Gatsibo,11.0,28715.486,Mixed,3.0,Maize,28715.486,Improved seeds,0.0,133.5,0.0,11480.0,1.0
500,53004.0,East,Gatsibo,11.0,28715.486,Mixed,3.0,Cooking banana,1435.7743,Improved seeds,0.0,0.0,60.0,80.0,0.05
501,53004.0,East,Gatsibo,11.0,28715.486,Mixed,3.0,Dessert banana,2871.5486,Improved seeds,0.0,0.0,150.0,210.0,0.1
502,53004.0,East,Gatsibo,15.0,29230.592,Pure,1.0,Maize,29230.592,Improved seeds,0.0,96.0,0.0,11680.0,1.0
503,53004.0,East,Gatsibo,19.0,1012.7815,Mixed,2.0,Sweet potato,911.50336,Traditional seeds,0.0,0.0,0.0,500.0,0.90000004
504,53004.0,East,Gatsibo,19.0,1012.7815,Mixed,2.0,Taro,101.278145,Traditional seeds,0.0,0.0,0.0,60.0,0.099999994
505,53004.0,East,Gatsibo,22.0,14169.424,Pure,1.0,Maize,14169.424,Improved seeds,0.0,42.0,3550.0,3550.0,1.0
506,53004.0,East,Gatsibo,26.0,595.84644,Pure,1.0,Sweet potato,178.75394,Traditional seeds,0.0,0.0,0.0,60.0,0.3
507,53005.0,East,Gatsibo,1.0,15971.783,Pure,1.0,Cooking banana,15971.783,Traditional seeds,0.0,0.0,481.0,663.0,1.0
508,53005.0,East,Gatsibo,2.0,82913.43,Mixed,2.0,Maize,70476.414,Traditional seeds,164.5,0.0,0.0,12500.0,0.84999996
509,53005.0,East,Gatsibo,2.0,82913.43,Mixed,2.0,Bush bean,12437.015,Traditional seeds,80.0,0.0,615.0,615.0,0.15
510,53006.0,East,Gatsibo,2.0,3803.2515,Mixed,2.0,Maize,2746.7927,Traditional seeds,4.5,0.0,30.0,180.0,0.7222222
511,53006.0,East,Gatsibo,2.0,3803.2515,Mixed,2.0,Sorghum,1056.4587,Traditional seeds,15.0,0.0,120.0,120.0,0.2777778
512,53006.0,East,Gatsibo,3.0,4239.342,Mixed,3.0,Maize,1483.7695,Improved seeds,0.0,3.0,0.0,80.0,0.34999996
513,53006.0,East,Gatsibo,3.0,4239.342,Mixed,3.0,Bush bean,1695.7367,Traditional seeds,6.0,0.0,70.0,70.0,0.4
514,53006.0,East,Gatsibo,3.0,4239.342,Mixed,3.0,Cooking banana,4239.342,Traditional seeds,0.0,0.0,0.0,375.0,1.0
515,53006.0,East,Gatsibo,4.0,21682.902,Pure,1.0,Maize,21682.902,Improved seeds,0.0,50.0,0.0,5200.0,1.0
516,53006.0,East,Gatsibo,5.0,3914.7852,Mixed,2.0,Maize,1468.0443,Traditional seeds,6.0,0.0,0.0,150.0,0.37499997
517,53006.0,East,Gatsibo,5.0,3914.7852,Mixed,2.0,Bush bean,2446.7407,Traditional seeds,31.0,0.0,360.0,360.0,0.625
518,53006.0,East,Gatsibo,6.0,2083.067,Pure,1.0,Sorghum,2083.067,Traditional seeds,6.0,0.0,97.0,97.0,1.0
519,53006.0,East,Gatsibo,7.0,2583.9365,Pure,1.0,Bush bean,2583.9365,Traditional seeds,11.0,0.0,45.0,45.0,1.0
520,53006.0,East,Gatsibo,8.0,16068.403,Mixed,2.0,Maize,4017.1008,Traditional seeds,5.0,0.0,0.0,75.0,0.25
521,53006.0,East,Gatsibo,8.0,16068.403,Mixed,2.0,Bush bean,12051.304,Traditional seeds,75.0,0.0,408.0,408.0,0.75000006
522,53007.0,East,Gatsibo,1.0,20445.9,Mixed,4.0,Maize,11358.833,Improved seeds,0.0,10.0,600.0,600.0,0.5555555
523,53007.0,East,Gatsibo,1.0,20445.9,Mixed,4.0,Sorghum,9087.066,Traditional seeds,10.0,0.0,120.0,120.0,0.44444442
524,53007.0,East,Gatsibo,1.0,20445.9,Mixed,4.0,Cooking banana,8178.36,Traditional seeds,0.0,0.0,2140.0,2240.0,0.39999998
525,53007.0,East,Gatsibo,1.0,20445.9,Mixed,4.0,Dessert banana,3066.8848,Traditional seeds,0.0,0.0,600.0,680.0,0.14999999
526,53007.0,East,Gatsibo,2.0,130686.055,Mixed,4.0,Maize,84945.94,Both(Trad and Improved,100.0,200.0,39000.0,39000.0,0.65000004
527,53007.0,East,Gatsibo,2.0,130686.055,Mixed,4.0,Sorghum,39205.816,Traditional seeds,50.0,0.0,500.0,500.0,0.3
528,53007.0,East,Gatsibo,2.0,130686.055,Mixed,4.0,Cooking banana,124151.76,Traditional seeds,0.0,0.0,1300.0,1375.0,0.95000005
529,53007.0,East,Gatsibo,2.0,130686.055,Mixed,4.0,Dessert banana,6534.3027,Traditional seeds,0.0,0.0,0.0,320.0,0.05
530,53010.0,East,Gatsibo,2.0,24686.422,Mixed,2.0,Maize,19749.139,Improved seeds,0.0,50.0,0.0,10000.0,0.8000001
531,53010.0,East,Gatsibo,2.0,24686.422,Mixed,2.0,Bush bean,4937.2847,Traditional seeds,54.0,0.0,720.0,720.0,0.20000002
532,53010.0,East,Gatsibo,6.0,3287.4517,Mixed,2.0,Maize,1547.036,Improved seeds,0.0,4.0,0.0,108.0,0.4705882
533,53010.0,East,Gatsibo,6.0,3287.4517,Mixed,2.0,Bush bean,1740.4155,Traditional seeds,15.0,0.0,52.5,52.5,0.52941173
534,53010.0,East,Gatsibo,7.0,64178.883,Pure,1.0,Maize,64178.883,Improved seeds,0.0,150.0,0.0,50000.0,1.0
535,53010.0,East,Gatsibo,8.0,1740.7998,Pure,1.0,Sorghum,1740.7998,Traditional seeds,2.0,0.0,0.0,102.0,1.0
536,53010.0,East,Gatsibo,10.0,5095.6313,Mixed,2.0,Dessert banana,1592.3849,Traditional seeds,0.0,0.0,150.0,240.0,0.31250003
537,53010.0,East,Gatsibo,10.0,5095.6313,Mixed,2.0,Banana for beer,3503.2466,Traditional seeds,0.0,0.0,375.0,510.0,0.6875
538,53010.0,East,Gatsibo,11.0,636.8161,Mixed,2.0,Maize,301.64972,Improved seeds,0.0,1.0,0.0,30.0,0.4736842
539,53010.0,East,Gatsibo,11.0,636.8161,Mixed,2.0,Bush bean,335.16638,Traditional seeds,6.0,0.0,40.0,40.0,0.5263158
540,53010.0,East,Gatsibo,12.0,23457.916,Pure,1.0,Cooking banana,23457.916,Traditional seeds,0.0,0.0,1780.0,2515.0,1.0
541,53011.0,East,Gatsibo,2.0,719.8897,Pure,1.0,Millet,719.8897,Traditional seeds,2.0,0.0,20.0,20.0,1.0
542,53011.0,East,Gatsibo,7.0,27551.105,Mixed,2.0,Cooking banana,24795.994,Improved seeds,0.0,0.0,10000.0,22400.0,0.9
543,53011.0,East,Gatsibo,7.0,27551.105,Mixed,2.0,Dessert banana,2755.1106,Improved seeds,0.0,0.0,900.0,2340.0,0.1
544,53011.0,East,Gatsibo,8.0,19447.457,Mixed,2.0,Maize,19447.457,Improved seeds,0.0,45.0,0.0,10670.0,1.0
545,53011.0,East,Gatsibo,8.0,19447.457,Mixed,2.0,Cassava,7778.983,Traditional seeds,0.0,0.0,0.0,650.0,0.4
546,53011.0,East,Gatsibo,9.0,99937.77,Pure,1.0,Maize,99937.77,Improved seeds,0.0,232.0,0.0,5500.0,1.0
547,53012.0,East,Gatsibo,2.0,10780.388,Pure,1.0,Cooking banana,10780.388,Traditional seeds,0.0,0.0,3125.0,5000.0,1.0
548,53012.0,East,Gatsibo,6.0,3899.3738,Pure,1.0,Napia grass,3899.3738,Traditional seeds,0.0,0.0,0.0,3000.0,1.0
549,53012.0,East,Gatsibo,7.0,82602.44,Pure,1.0,Maize,82602.44,Improved seeds,0.0,145.0,0.0,5239.0,1.0
550,53012.0,East,Gatsibo,8.0,8669.85,Pure,1.0,Maize,8669.85,Improved seeds,0.0,15.0,0.0,556.0,1.0
551,53012.0,East,Gatsibo,10.0,50624.74,Pure,1.0,Maize,50624.74,Improved seeds,0.0,89.0,0.0,3209.0,1.0
552,53013.0,East,Gatsibo,1.0,319552.06,Pure,1.0,Maize,319552.06,Improved seeds,0.0,267.0,0.0,62000.0,1.0
553,53015.0,East,Gatsibo,1.0,511144.94,Pure,1.0,Maize,511144.94,Improved seeds,0.0,1278.0,30000.0,153360.0,1.0
554,53015.0,East,Gatsibo,2.0,282827.84,Pure,1.0,Soybean ,282827.84,Improved seeds,0.0,1695.0,11316.0,11316.0,1.0
555,53015.0,East,Gatsibo,5.0,228094.84,Pure,1.0,Bush bean,228094.84,Improved seeds,0.0,1368.0,14878.0,14878.0,1.0
556,53015.0,East,Gatsibo,6.0,501198.03,Pure,1.0,Maize,501198.03,Improved seeds,0.0,1253.0,20000.0,150390.0,1.0
557,53015.0,East,Gatsibo,7.0,296505.75,Pure,1.0,Bush bean,296505.75,Improved seeds,0.0,1779.0,19337.0,19337.0,1.0
558,53015.0,East,Gatsibo,8.0,321971.56,Pure,1.0,Maize,321971.56,Improved seeds,0.0,805.0,31000.0,96600.0,1.0
559,53015.0,East,Gatsibo,9.0,959336.06,Pure,1.0,Maize,959336.06,Improved seeds,0.0,2646.0,15500.0,317520.0,1.0
560,53015.0,East,Gatsibo,10.0,518342.06,Pure,1.0,Maize,518342.06,Improved seeds,0.0,1547.0,10505.0,185730.0,1.0
561,53015.0,East,Gatsibo,11.0,9855.126,Pure,1.0,Bush bean,9855.126,Improved seeds,0.0,59.5,646.0,646.0,1.0
562,53015.0,East,Gatsibo,12.0,207006.94,Pure,1.0,Maize,207006.94,Improved seeds,0.0,517.5,12000.0,62100.0,1.0
563,53015.0,East,Gatsibo,13.0,102718.23,Pure,1.0,Maize,102718.23,Improved seeds,0.0,257.0,0.0,30810.0,1.0
564,53015.0,East,Gatsibo,14.0,114460.29,Pure,1.0,Maize,114460.29,Improved seeds,0.0,286.0,0.0,34350.0,1.0
565,53016.0,East,Gatsibo,1.0,9933986.0,Pure,1.0,Paddy rice,9933986.0,Improved seeds,0.0,31500.0,1500000.0,3213750.0,1.0
566,53017.0,East,Gatsibo,2.0,66070.99,Pure,1.0,Maize,66070.99,Improved seeds,0.0,100.0,0.0,58125.0,1.0
567,53018.0,East,Gatsibo,1.0,4207493.5,Pure,1.0,Paddy rice,4207493.5,Traditional seeds,12422.7,0.0,429599.0,829599.0,1.0
568,53019.0,East,Gatsibo,2.0,119206.95,Pure,1.0,Maize,119206.95,Improved seeds,0.0,300.0,0.0,25000.0,1.0
569,53019.0,East,Gatsibo,3.0,2810.661,Mixed,2.0,Bush bean,2810.661,Traditional seeds,17.0,0.0,170.0,170.0,1.0
570,53019.0,East,Gatsibo,3.0,2810.661,Mixed,2.0,Cooking banana,2754.4478,Traditional seeds,0.0,0.0,120.0,180.0,0.98
571,53019.0,East,Gatsibo,5.0,86122.89,Pure,1.0,Maize,86122.89,Improved seeds,0.0,300.0,8000.0,15000.0,1.0
572,53019.0,East,Gatsibo,6.0,715.4725,Pure,1.0,Cabbage,715.4725,Improved seeds,0.0,50000.0,350.0,615.0,1.0
573,53019.0,East,Gatsibo,7.0,831.69855,Pure,1.0,Sweet potato,831.69855,Traditional seeds,0.0,0.0,305.0,880.0,1.0
574,53019.0,East,Gatsibo,8.0,82664.555,Pure,1.0,Maize,82664.555,Improved seeds,0.0,200.0,2500.0,16000.0,1.0
575,54002.0,East,Kayonza,2.0,45818.82,Mixed,3.0,Maize,22909.41,Improved seeds,0.0,10.0,0.0,500.0,0.5
576,54002.0,East,Kayonza,2.0,45818.82,Mixed,3.0,Bush bean,13745.646,Traditional seeds,8.0,0.0,800.0,800.0,0.3
577,54002.0,East,Kayonza,2.0,45818.82,Mixed,3.0,Cooking banana,32073.174,Traditional seeds,0.0,0.0,1250.0,3250.0,0.7
578,54002.0,East,Kayonza,3.0,1426.1864,Pure,1.0,Groundnut,1426.1864,Traditional seeds,8.0,0.0,140.0,140.0,1.0
579,54002.0,East,Kayonza,5.0,4336.991,Pure,1.0,Sweet potato,4336.991,Traditional seeds,0.0,0.0,0.0,2000.0,1.0
580,54003.0,East,Kayonza,2.0,140206.31,Pure,1.0,Sorghum,63092.844,Traditional seeds,0.0,0.0,756.0,756.0,0.45000002
581,54003.0,East,Kayonza,4.0,62850.875,Pure,1.0,Soybean ,62850.875,Traditional seeds,189.0,0.0,0.0,500.0,1.0
582,54003.0,East,Kayonza,5.0,220575.69,Mixed,2.0,Maize,103800.33,Traditional seeds,82.0,0.0,615.0,615.0,0.47058827
583,54003.0,East,Kayonza,5.0,220575.69,Mixed,2.0,Bush bean,116775.37,Traditional seeds,1020.0,0.0,2895.0,2895.0,0.5294118
584,54003.0,East,Kayonza,6.0,47109.246,Mixed,2.0,Maize,22169.057,Traditional seeds,18.0,0.0,0.0,136.0,0.47058824
585,54003.0,East,Kayonza,6.0,47109.246,Mixed,2.0,Bush bean,24940.19,Traditional seeds,269.0,0.0,1163.0,1163.0,0.5294118
586,54003.0,East,Kayonza,7.0,42765.918,Pure,1.0,Pineapple,17106.367,Traditional seeds,0.0,0.0,0.0,2500.0,0.4
587,54003.0,East,Kayonza,10.0,22237.701,Pure,1.0,Sorghum,10006.966,Traditional seeds,0.0,0.0,130.0,130.0,0.45000002
588,54003.0,East,Kayonza,11.0,11158.389,Pure,1.0,Cooking banana,11158.389,Traditional seeds,0.0,0.0,0.0,780.0,1.0
589,54003.0,East,Kayonza,12.0,4172.912,Pure,1.0,Sweet potato,4172.912,Traditional seeds,0.0,0.0,0.0,950.0,1.0
590,54003.0,East,Kayonza,14.0,2784.9563,Pure,1.0,Bush bean,417.74347,Traditional seeds,14.0,0.0,39.0,39.0,0.15
591,54003.0,East,Kayonza,15.0,14840.393,Pure,1.0,Sorghum,5194.1377,Traditional seeds,0.0,0.0,37.0,37.0,0.35000002
592,54003.0,East,Kayonza,16.0,38564.027,Pure,1.0,Maize,11569.208,Traditional seeds,13.0,0.0,0.0,99.0,0.29999998
593,54003.0,East,Kayonza,18.0,90028.16,Pure,1.0,Sorghum,18005.63,Traditional seeds,0.0,0.0,248.0,248.0,0.2
594,54003.0,East,Kayonza,19.0,8320.152,Pure,1.0,Onion,1248.023,Traditional seeds,0.0,0.0,150.0,150.0,0.15
595,54003.0,East,Kayonza,20.0,12431.656,Pure,1.0,Bush bean,3729.4968,Traditional seeds,41.0,0.0,116.0,116.0,0.29999998
596,54003.0,East,Kayonza,24.0,9076.009,Pure,1.0,Bush bean,2269.0022,Traditional seeds,46.0,0.0,129.0,129.0,0.25
597,54003.0,East,Kayonza,26.0,11147.481,Pure,1.0,Bush bean,11147.481,Traditional seeds,56.0,0.0,158.0,158.0,1.0
598,54004.0,East,Kayonza,2.0,34002.336,Mixed,2.0,Maize,3400.2336,Improved seeds,0.0,8.0,147.0,147.0,0.1
599,54004.0,East,Kayonza,2.0,34002.336,Mixed,2.0,Bush bean,10200.701,Traditional seeds,80.0,0.0,130.0,130.0,0.3
600,54004.0,East,Kayonza,3.0,21257.479,Mixed,4.0,Maize,2125.748,Improved seeds,0.0,3.0,60.0,60.0,0.10000001
601,54004.0,East,Kayonza,3.0,21257.479,Mixed,4.0,Bush bean,4251.496,Traditional seeds,55.0,0.0,40.0,40.0,0.20000002
602,54004.0,East,Kayonza,3.0,21257.479,Mixed,4.0,Groundnut,2125.748,Traditional seeds,4.5,0.0,25.0,25.0,0.10000001
603,54004.0,East,Kayonza,3.0,21257.479,Mixed,4.0,Cassava,21257.479,Traditional seeds,0.0,0.0,0.0,1000.0,1.0
604,54004.0,East,Kayonza,5.0,4363.315,Mixed,2.0,Maize,1454.4382,Traditional seeds,3.0,0.0,40.0,40.0,0.3333333
605,54004.0,East,Kayonza,5.0,4363.315,Mixed,2.0,Bush bean,2908.8765,Traditional seeds,20.0,0.0,54.0,54.0,0.6666666
606,54004.0,East,Kayonza,6.0,60044.39,Mixed,3.0,Maize,10917.162,Improved seeds,0.0,10.0,65.0,65.0,0.18181819
607,54004.0,East,Kayonza,6.0,60044.39,Mixed,3.0,Bush bean,32751.486,Traditional seeds,110.0,0.0,78.0,78.0,0.54545456
608,54004.0,East,Kayonza,6.0,60044.39,Mixed,3.0,Tomato,16375.743,Improved seeds,0.0,1035000.0,5112.0,5112.0,0.27272728
609,54005.0,East,Kayonza,2.0,277271.72,Mixed,2.0,Wheat,27727.17,Improved seeds,0.0,50.0,0.0,200.0,0.099999994
610,54005.0,East,Kayonza,2.0,277271.72,Mixed,2.0,Soybean ,249544.55,Traditional seeds,3000.0,0.0,42500.0,42500.0,0.9
611,54005.0,East,Kayonza,3.0,273462.94,Pure,1.0,Maize,273462.94,Improved seeds,0.0,806.0,0.0,156000.0,1.0
612,54005.0,East,Kayonza,4.0,280239.38,Pure,1.0,Soybean ,280239.38,Traditional seeds,3120.0,0.0,0.0,44200.0,1.0
613,54005.0,East,Kayonza,5.0,133909.42,Pure,1.0,Wheat,133909.42,Improved seeds,0.0,1500.0,0.0,10000.0,1.0
614,54005.0,East,Kayonza,7.0,266198.25,Pure,1.0,Maize,266198.25,Improved seeds,0.0,806.0,0.0,156000.0,1.0
615,54005.0,East,Kayonza,8.0,274429.06,Pure,1.0,Soybean ,274429.06,Traditional seeds,3120.0,0.0,44200.0,44200.0,1.0
616,54005.0,East,Kayonza,13.0,267948.5,Pure,1.0,Maize,267948.5,Improved seeds,0.0,806.0,0.0,156000.0,1.0
617,54005.0,East,Kayonza,14.0,286016.25,Pure,1.0,Soybean ,286016.25,Traditional seeds,3120.0,0.0,44200.0,44200.0,1.0
618,54007.0,East,Kayonza,1.0,64006.363,Pure,1.0,Maize,64006.363,Improved seeds,0.0,400.0,0.0,478750.0,1.0
619,54008.0,East,Kayonza,1.0,587767.44,Pure,1.0,Paddy rice,587767.44,Improved seeds,0.0,74.7,224616.0,224616.0,1.0
620,54009.0,East,Kayonza,2.0,1845957.5,Pure,1.0,Paddy rice,1845957.5,Improved seeds,0.0,432.6,784668.32,784668.3,1.0
621,54010.0,East,Kayonza,1.0,455785.75,Pure,1.0,Paddy rice,455785.75,Improved seeds,0.0,301.53,228800.0,228800.0,1.0
622,55001.0,East,Kirehe,4.0,42686.117,Pure,1.0,Maize,42686.117,Improved seeds,0.0,120.0,0.0,60.0,1.0
623,55001.0,East,Kirehe,5.0,21080.336,Pure,1.0,Maize,21080.336,Improved seeds,0.0,80.0,0.0,540.0,1.0
624,55003.0,East,Kirehe,2.0,4827358.5,Pure,1.0,Paddy rice,4827358.5,Improved seeds,0.0,10580.0,2300000.0,2300000.0,1.0
625,55004.0,East,Kirehe,2.0,1298455.6,Pure,1.0,Paddy rice,1298455.6,Improved seeds,0.0,3300.0,493000.0,493000.0,1.0
626,55005.0,East,Kirehe,1.0,841066.8,Pure,1.0,Paddy rice,841066.8,Traditional seeds,5000.0,0.0,321645.0,321645.0,1.0
627,55006.0,East,Kirehe,1.0,569301.94,Pure,1.0,Paddy rice,569301.94,Improved seeds,0.0,800.0,108528.0,108528.0,1.0
628,55007.0,East,Kirehe,1.0,107921.74,Pure,1.0,Paddy rice,107921.74,Improved seeds,0.0,250.0,58500.0,58500.0,1.0
629,56001.0,East,Ngoma,1.0,20507.37,Pure,1.0,Maize,20507.37,Improved seeds,0.0,45.0,0.0,4440.0,1.0
630,56001.0,East,Ngoma,6.0,64204.766,Pure,1.0,Pineapple,64204.766,Improved seeds,0.0,0.0,4323.6,4323.6,1.0
631,56001.0,East,Ngoma,11.0,27682.281,Pure,1.0,Maize,27682.281,Improved seeds,0.0,61.0,0.0,5160.0,1.0
632,56002.0,East,Ngoma,1.0,85463.32,Pure,1.0,Maize,85463.32,Improved seeds,0.0,240.0,0.0,20000.0,1.0
633,56002.0,East,Ngoma,2.0,21230.508,Pure,1.0,Maize,21230.508,Improved seeds,0.0,60.0,0.0,300.0,1.0
634,56003.0,East,Ngoma,1.0,67497.695,Pure,1.0,Pineapple,67497.695,Traditional seeds,0.0,0.0,6422.0,10296.0,1.0
635,56003.0,East,Ngoma,3.0,175267.62,Pure,1.0,Pineapple,175267.62,Traditional seeds,0.0,0.0,16796.0,26928.0,1.0
636,56004.0,East,Ngoma,1.0,461999.44,Pure,1.0,Paddy rice,461999.44,Improved seeds,0.0,3462.75,191143.8,191143.8,1.0
637,56005.0,East,Ngoma,1.0,1137444.6,Pure,1.0,Paddy rice,1137444.6,Improved seeds,0.0,11100.0,416250.0,416250.0,1.0
638,56006.0,East,Ngoma,1.0,1352201.1,Pure,1.0,Paddy rice,1352201.1,Improved seeds,0.0,12166.0,451304.0,451304.0,1.0
639,56007.0,East,Ngoma,1.0,903930.44,Pure,1.0,Paddy rice,903930.44,Improved seeds,0.0,6330.0,316470.0,316470.0,1.0
640,56008.0,East,Ngoma,1.0,536351.94,Pure,1.0,Paddy rice,536351.94,Traditional seeds,5415.0,0.0,205770.0,205770.0,1.0
641,56009.0,East,Ngoma,3.0,1183229.5,Pure,1.0,Paddy rice,1183229.5,Traditional seeds,5720.0,0.0,170500.0,170500.0,1.0
642,56010.0,East,Ngoma,1.0,2100693.8,Pure,1.0,Paddy rice,2100693.8,Traditional seeds,14903.1,0.0,579242.0,629242.0,1.0
643,56011.0,East,Ngoma,6.0,933.60156,Mixed,2.0,Cabbage,186.7203,Improved seeds,0.0,0.5,0.0,200.0,0.19999999
644,56011.0,East,Ngoma,6.0,933.60156,Mixed,2.0,Eggplant,746.8812,Improved seeds,0.0,0.5,0.0,150.0,0.79999995
645,56011.0,East,Ngoma,8.0,4292.4272,Pure,1.0,Mango,4292.4272,Improved seeds,0.0,0.0,2000.0,2000.0,1.0
646,56011.0,East,Ngoma,27.0,9423.52,Pure,1.0,Maize,9423.52,Improved seeds,0.0,99.0,0.0,5970.0,1.0
647,56011.0,East,Ngoma,31.0,12236.64,Pure,1.0,Maize,12236.64,Improved seeds,0.0,132.0,0.0,11340.0,1.0
648,57001.0,East,Bugesera,1.0,82177.64,Pure,1.0,Bush bean,82177.64,Improved seeds,0.0,350.0,3625.0,3625.0,1.0
649,57001.0,East,Bugesera,10.0,282.79385,Pure,1.0,Cooking banana,282.79385,Traditional seeds,0.0,0.0,4380.0,5400.0,1.0
650,57002.0,East,Bugesera,1.0,669275.9,Pure,1.0,Paddy rice,669275.9,Improved seeds,0.0,2153.0,146000.0,146000.0,1.0
651,57003.0,East,Bugesera,2.0,10380.212,Pure,1.0,Napia grass for fodder,10380.212,Traditional seeds,0.0,0.0,15458.73,18186.74,1.0
652,57003.0,East,Bugesera,10.0,2324.4944,Pure,1.0,Napia grass for fodder,2324.4944,Traditional seeds,0.0,0.0,3455.85,4065.7,1.0
653,57003.0,East,Bugesera,11.0,1206.8862,Pure,1.0,Napia grass for fodder,1206.8862,Traditional seeds,0.0,0.0,1794.23,2110.86,1.0
654,57003.0,East,Bugesera,13.0,34129.72,Pure,1.0,Napia grass for fodder,34129.72,Traditional seeds,0.0,0.0,50686.82,59631.56,1.0
655,57003.0,East,Bugesera,15.0,38209.156,Pure,1.0,Napia grass for fodder,38209.156,Traditional seeds,0.0,0.0,56781.13,66801.33,1.0
656,57003.0,East,Bugesera,16.0,16738.352,Pure,1.0,Napia grass for fodder,16738.352,Traditional seeds,0.0,0.0,24823.16,29203.72,1.0
657,57005.0,East,Bugesera,1.0,53751.52,Pure,1.0,Maize,53751.52,Improved seeds,0.0,240.0,1500.0,1500.0,1.0
658,57005.0,East,Bugesera,2.0,13747.058,Pure,1.0,Bush bean,13747.058,Improved seeds,0.0,111.0,643.0,643.0,1.0
659,57005.0,East,Bugesera,5.0,52739.48,Pure,1.0,Bush bean,52739.48,Improved seeds,0.0,429.0,2472.0,2472.0,1.0
660,57006.0,East,Bugesera,1.0,43700.695,Pure,1.0,Bush bean,43700.695,Traditional seeds,280.0,0.0,4370.0,4370.0,1.0
661,57006.0,East,Bugesera,2.0,141532.84,Mixed,2.0,Maize,42459.85,Improved seeds,0.0,106.0,6372.0,6372.0,0.29999998
662,57006.0,East,Bugesera,2.0,141532.84,Mixed,2.0,Bush bean,99072.99,Traditional seeds,634.0,0.0,9912.0,9912.0,0.7
663,57006.0,East,Bugesera,3.0,34952.21,Pure,1.0,Maize,34952.21,Improved seeds,0.0,87.5,5250.0,5250.0,1.0
664,57006.0,East,Bugesera,4.0,42516.465,Pure,1.0,Maize,42516.465,Improved seeds,0.0,106.25,6375.0,6375.0,1.0
665,57006.0,East,Bugesera,7.0,12724.047,Pure,1.0,Maize,12724.047,Improved seeds,0.0,30.0,1800.0,1800.0,1.0
666,57006.0,East,Bugesera,8.0,50933.957,Mixed,2.0,Maize,50933.957,Improved seeds,0.0,128.0,7680.0,7680.0,1.0
667,57006.0,East,Bugesera,8.0,50933.957,Mixed,2.0,Other perennial  crop,45840.56,Improved seeds,0.0,0.0,282.0,282.0,0.8999999
668,57006.0,East,Bugesera,9.0,12277.982,Pure,1.0,Maize,12277.982,Improved seeds,0.0,30.75,1845.0,1845.0,1.0
669,57006.0,East,Bugesera,11.0,576.7484,Pure,1.0,Sugar beet,576.7484,Improved seeds,0.0,100000.0,100.0,100.0,1.0
670,57006.0,East,Bugesera,12.0,2775.2512,Pure,1.0,Onion,2775.2512,Improved seeds,0.0,500000.0,2000.0,2000.0,1.0
671,57006.0,East,Bugesera,13.0,3795.9045,Pure,1.0,Amaranth,3795.9045,Traditional seeds,0.0,0.0,15500.0,15500.0,1.0
672,57006.0,East,Bugesera,14.0,3080.903,Pure,1.0,French bean,3080.903,Traditional seeds,20.0,0.0,1500.0,1500.0,1.0
673,57006.0,East,Bugesera,15.0,2074.0261,Pure,1.0,Amaranth,2074.0261,Traditional seeds,0.0,0.0,10372.0,10372.0,1.0
674,57006.0,East,Bugesera,16.0,813.91956,Pure,1.0,Eggplant,813.91956,Traditional seeds,65000.0,0.0,1221.0,1221.0,1.0
675,57006.0,East,Bugesera,17.0,885.36194,Pure,1.0,Black eggplant,885.36194,Traditional seeds,70000.0,0.0,1328.0,1328.0,1.0
676,57006.0,East,Bugesera,18.0,872.4403,Pure,1.0,Eggplant,872.4403,Traditional seeds,68000.0,0.0,1287.0,1287.0,1.0
677,57006.0,East,Bugesera,20.0,1513.1399,Pure,1.0,Eggplant,1513.1399,Traditional seeds,121000.0,0.0,1135.0,1135.0,1.0
678,57006.0,East,Bugesera,21.0,699.12103,Pure,1.0,Cabbage,699.12103,Improved seeds,0.0,20000.0,1300.0,1300.0,1.0
679,57006.0,East,Bugesera,22.0,636.1992,Pure,1.0,Carrot,636.1992,Improved seeds,0.0,50000.0,700.0,700.0,1.0
680,57006.0,East,Bugesera,23.0,1391.6278,Pure,1.0,Amaranth,1391.6278,Traditional seeds,0.0,0.0,6950.0,6950.0,1.0
681,57006.0,East,Bugesera,24.0,1504.3405,Pure,1.0,Black eggplant,1504.3405,Traditional seeds,120000.0,0.0,2256.0,2256.0,1.0
682,57006.0,East,Bugesera,25.0,690.9209,Pure,1.0,Cabbage,690.9209,Improved seeds,0.0,20000.0,400.0,400.0,1.0
683,57006.0,East,Bugesera,27.0,682.41394,Pure,1.0,Cabbage,682.41394,Improved seeds,0.0,20000.0,1200.0,1200.0,1.0
684,57006.0,East,Bugesera,32.0,4752.7705,Pure,1.0,Other perennial  crop,4752.7705,Improved seeds,0.0,0.0,23.5,23.5,1.0
685,57006.0,East,Bugesera,34.0,84760.92,Pure,1.0,Bush bean,84760.92,Traditional seeds,543.0,0.0,8480.0,8480.0,1.0
686,57006.0,East,Bugesera,36.0,79439.62,Mixed,3.0,Maize,39719.81,Improved seeds,0.0,99.5,5962.5,5962.5,0.5
687,57006.0,East,Bugesera,36.0,79439.62,Mixed,3.0,Bush bean,39719.81,Traditional seeds,254.5,0.0,3975.0,3975.0,0.5
688,57006.0,East,Bugesera,36.0,79439.62,Mixed,3.0,Other perennial  crop,31775.85,Improved seeds,0.0,0.0,195.0,195.0,0.40000004
689,57006.0,East,Bugesera,38.0,88442.95,Pure,1.0,Napia grass for fodder,88442.95,Traditional seeds,0.0,0.0,121680.0,129600.0,1.0
690,57007.0,East,Bugesera,1.0,399747.78,Pure,1.0,Paddy rice,399747.78,Improved seeds,0.0,1200.0,125881.0,125881.0,1.0
691,57008.0,East,Bugesera,1.0,454612.12,Pure,1.0,Paddy rice,454612.12,Improved seeds,0.0,1343.0,223750.0,223750.0,1.0
692,57009.0,East,Bugesera,2.0,374514.03,Pure,1.0,Paddy rice,374514.03,Improved seeds,0.0,800.0,182555.0,182555.0,1.0
693,57010.0,East,Bugesera,1.0,1139.3254,Pure,1.0,Tomato,1139.3254,Improved seeds,0.0,50000.0,0.0,1000.0,1.0
694,57010.0,East,Bugesera,2.0,397.95972,Pure,1.0,Tomato,397.95972,Improved seeds,0.0,100000.0,0.0,1000.0,1.0
695,57010.0,East,Bugesera,3.0,885.46625,Mixed,4.0,Carrot,186.41396,Improved seeds,0.0,50000.0,0.0,200.0,0.21052633
696,57010.0,East,Bugesera,3.0,885.46625,Mixed,4.0,Other seasonal crop,139.81046,Improved seeds,0.0,5000.0,60.0,65.0,0.15789473
697,57010.0,East,Bugesera,3.0,885.46625,Mixed,4.0,Cucumber,419.43137,Improved seeds,0.0,5000.0,1030.0,1100.0,0.4736842
698,57010.0,East,Bugesera,3.0,885.46625,Mixed,4.0,Other annual crop,139.81046,Improved seeds,0.0,4000.0,0.0,1000.0,0.15789473
699,57010.0,East,Bugesera,4.0,1600.8804,Pure,1.0,Tomato,1600.8804,Improved seeds,0.0,250000.0,0.0,1000.0,1.0
700,57010.0,East,Bugesera,5.0,1540.1733,Pure,1.0,Sugar beet,1540.1733,Improved seeds,0.0,100000.0,0.0,1000.0,1.0
701,57010.0,East,Bugesera,6.0,1761.7,Pure,1.0,Cabbage,1761.7,Improved seeds,0.0,100000.0,0.0,2000.0,1.0
702,57010.0,East,Bugesera,7.0,1043.9493,Pure,1.0,Cabbage,1043.9493,Improved seeds,0.0,50000.0,0.0,100.0,1.0
703,57010.0,East,Bugesera,8.0,1234.5719,Pure,1.0,Sweet pepper,1234.5719,Improved seeds,0.0,100000.0,0.0,700.0,1.0
704,57010.0,East,Bugesera,9.0,3080.548,Mixed,2.0,Onion,2156.3838,Improved seeds,0.0,200000.0,0.0,3000.0,0.70000005
705,57010.0,East,Bugesera,9.0,3080.548,Mixed,2.0,Leek,924.1644,Improved seeds,0.0,50000.0,0.0,250.0,0.3
706,57010.0,East,Bugesera,10.0,264.96902,Pure,1.0,Other annual vegetable,264.96902,Improved seeds,0.0,10000.0,200.0,300.0,1.0
707,57010.0,East,Bugesera,11.0,1511.2977,Pure,1.0,Spinach,1511.2977,Improved seeds,0.0,100000.0,7.0,240.33,1.0
708,57010.0,East,Bugesera,12.0,1155.9246,Pure,1.0,Cabbage,1155.9246,Improved seeds,0.0,50000.0,0.0,450.0,1.0
709,57010.0,East,Bugesera,13.0,677.35547,Pure,1.0,Brocolli,677.35547,Improved seeds,0.0,50000.0,0.0,150.0,1.0
710,57010.0,East,Bugesera,14.0,941.51025,Pure,1.0,Black eggplant,941.51025,Improved seeds,0.0,50000.0,0.0,750.0,1.0
711,57010.0,East,Bugesera,15.0,647.77454,Pure,1.0,Cauliflower,647.77454,Improved seeds,0.0,50000.0,0.0,250.0,1.0
712,57010.0,East,Bugesera,16.0,996.7601,Pure,1.0,Eggplant,996.7601,Improved seeds,0.0,100000.0,0.0,1000.0,1.0
713,57010.0,East,Bugesera,18.0,145164.8,Pure,1.0,Napia grass for fodder,145164.8,Improved seeds,0.0,2000.0,29000.0,36000.0,1.0
714,57010.0,East,Bugesera,21.0,5524.75,Pure,1.0,Papaya,5524.75,Improved seeds,0.0,20.0,50.0,130.0,1.0
715,57010.0,East,Bugesera,22.0,3577.5537,Mixed,2.0,Pineapple,2504.2876,Improved seeds,0.0,0.0,3000.0,3400.0,0.7
716,57010.0,East,Bugesera,22.0,3577.5537,Mixed,2.0,Papaya,1073.2661,Improved seeds,0.0,50000.0,2000.0,2080.0,0.3
717,57010.0,East,Bugesera,23.0,2856.5571,Pure,1.0,Papaya,2856.5571,Improved seeds,0.0,25000.0,80.0,110.0,1.0
718,57011.0,East,Bugesera,1.0,57438.54,Pure,1.0,Mango,57438.54,Improved seeds,0.0,0.0,875.0,1025.0,1.0
719,57011.0,East,Bugesera,2.0,40684.844,Pure,1.0,Maize,40684.844,Both(Trad and Improved,5.0,16.0,240.0,240.0,1.0
720,57011.0,East,Bugesera,6.0,29285.654,Mixed,2.0,Maize,5857.131,Traditional seeds,5.0,0.0,60.0,60.0,0.2
721,57011.0,East,Bugesera,6.0,29285.654,Mixed,2.0,Bush bean,23428.523,Traditional seeds,90.0,0.0,305.0,305.0,0.8
722,57011.0,East,Bugesera,7.0,32492.809,Pure,1.0,Banana for beer,24369.607,Improved seeds,0.0,0.0,4800.0,6000.0,0.75000006
723,57012.0,East,Bugesera,2.0,15894.007,Mixed,2.0,Cooking banana,794.7003,Improved seeds,0.0,0.0,340.0,425.0,0.049999997
724,57012.0,East,Bugesera,2.0,15894.007,Mixed,2.0,Dessert banana,15099.306,Improved seeds,0.0,0.0,6000.0,7200.0,0.9499999
725,57012.0,East,Bugesera,3.0,3265.9102,Pure,1.0,Macadamia,3265.9102,Improved seeds,0.0,0.0,316.0,366.0,1.0
726,57012.0,East,Bugesera,5.0,56122.234,Pure,1.0,Bush bean,56122.234,Improved seeds,0.0,540.6,721.75,721.75,1.0
727,57012.0,East,Bugesera,7.0,132.89488,Pure,1.0,Bush bean,132.89488,Improved seeds,0.0,1.8,1.44,1.44,1.0
728,57012.0,East,Bugesera,9.0,2248.0671,Pure,1.0,Bush bean,2248.0671,Improved seeds,0.0,21.6,28.98,28.98,1.0
729,57012.0,East,Bugesera,10.0,2478.4316,Pure,1.0,Bush bean,2478.4316,Improved seeds,0.0,24.0,31.66,31.66,1.0
730,57012.0,East,Bugesera,13.0,1285.1609,Pure,1.0,Bush bean,1285.1609,Improved seeds,0.0,12.0,16.41,16.41,1.0
731,57012.0,East,Bugesera,15.0,267.6954,Pure,1.0,Soybean ,267.6954,Improved seeds,0.0,1.25,0.0,6.64,1.0
732,57012.0,East,Bugesera,16.0,1724.263,Pure,1.0,Groundnut,1724.263,Traditional seeds,17.44,0.0,87.25,87.25,1.0
733,57012.0,East,Bugesera,18.0,998.88257,Pure,1.0,Soybean ,998.88257,Improved seeds,0.0,4.66,0.0,24.82,1.0
734,57012.0,East,Bugesera,19.0,881.09784,Pure,1.0,Groundnut,881.09784,Traditional seeds,8.92,0.0,44.55,44.55,1.0
735,57012.0,East,Bugesera,20.0,245.46135,Pure,1.0,Soybean ,245.46135,Improved seeds,0.0,1.14,0.0,6.13,1.0
736,57012.0,East,Bugesera,21.0,794.4523,Pure,1.0,Cooking banana,794.4523,Improved seeds,0.0,0.0,119.0,153.0,1.0
737,57012.0,East,Bugesera,23.0,5755.533,Mixed,2.0,Soybean ,5755.533,Improved seeds,0.0,7.95,0.0,42.4,1.0
738,57012.0,East,Bugesera,23.0,5755.533,Mixed,2.0,Banana for beer,5755.533,Traditional seeds,0.0,0.0,6000.0,7000.0,1.0
739,57012.0,East,Bugesera,24.0,1343.3859,Pure,1.0,Groundnut,1343.3859,Traditional seeds,13.64,0.0,68.2,68.2,1.0
740,57014.0,East,Bugesera,1.0,567602.56,Pure,1.0,Paddy rice,567602.56,Traditional seeds,1700.0,0.0,244168.0,244168.0,1.0
741,57015.0,East,Bugesera,1.0,448780.4,Pure,1.0,Paddy rice,448780.4,Improved seeds,0.0,1400.0,192500.0,192500.0,1.0
742,57016.0,East,Bugesera,1.0,4787758.0,Pure,1.0,Paddy rice,4787758.0,Improved seeds,0.0,13800.0,1482000.0,1482000.0,1.0
743,57017.0,East,Bugesera,3.0,35137.848,Pure,1.0,French bean,35137.848,Improved seeds,0.0,210.0,12000.0,19000.0,1.0
